asset_id,address,x,y,asset_type,insured_value_dkk
A-200975,Lindevej 1,545861.72,6190866.16,industrial,14707000
A-206420,Noerregade 178,635344.73,6190443.83,residential,34015000
A-209714,Soendergade 105,616918.32,6133787.91,industrial,28960000
A-202712,Stationsvej 219,582550.95,6378707.46,commercial,35978000
A-202718,Skovvej 155,563179.63,6235890.93,residential,3484000
A-212807,Stationsvej 173,727575.51,6203706.34,residential,35683000
A-202175,Soendergade 227,541629.78,6226092.64,public,31577000
A-209099,Lindevej 85,525292.76,6263460.78,industrial,2731000
A-210374,Toftevej 13,717505.38,6166405.68,residential,24949000
A-211775,Toftevej 10,700302.43,6200958.31,residential,4841000
A-209591,Moellevej 67,673145.21,6190057.76,residential,25391000
A-205958,Moellevej 212,704672.43,6206132.09,agricultural,26963000
A-209954,Aavej 115,706509.39,6170451.10,public,17138000
A-209183,Birkevej 214,499018.44,6200687.10,residential,36666000
A-201050,Skovvej 102,565650.12,6224461.72,residential,31685000
A-201398,Toftevej 1,608300.21,6150096.48,public,35532000
A-210680,Vestergade 239,589947.61,6363861.13,commercial,22071000
A-200591,Stationsvej 25,703413.51,6175296.57,industrial,37112000
A-206282,Birkevej 194,707611.29,6207868.07,residential,10873000
A-209843,Skovvej 146,482255.31,6211457.57,residential,37154000
A-210482,Birkevej 159,550818.96,6196753.56,residential,31790000
A-214700,Toftevej 90,487531.08,6235546.26,residential,33278000
A-206663,Soendergade 37,689505.66,6183866.75,agricultural,33063000
A-214559,Vestergade 167,515699.49,6376039.07,residential,39343000
A-211442,Vestergade 40,494012.83,6104521.61,agricultural,17915000
A-208556,Bakkevej 21,511206.47,6254552.20,residential,3063000
A-203684,Strandvej 124,581150.66,6233881.21,public,16963000
A-207440,Skovvej 19,609942.68,6116590.42,commercial,35082000
A-210806,Toftevej 86,572715.13,6198448.06,commercial,4447000
A-209120,Skovvej 97,708674.99,6171993.58,industrial,25524000
A-206621,Moellevej 64,576545.54,6248351.33,commercial,22256000
A-209021,Moellevej 198,658266.32,6170453.15,agricultural,23424000
A-213185,Aavej 19,721526.56,6215188.01,residential,25267000
A-204200,Toftevej 113,674933.07,6194937.01,residential,40634000
A-212033,Toftevej 73,614522.73,6131477.81,industrial,12780000
A-200738,Noerregade 115,725783.58,6202752.15,public,9101000
A-214352,Egevej 19,549816.46,6201078.15,residential,25807000
A-210140,Moellevej 29,472242.11,6133089.75,industrial,19602000
A-213011,Moellevej 97,650217.08,6133831.15,residential,22038000
A-211787,Engvej 186,649681.75,6152995.20,residential,32515000
A-201047,Noerregade 211,676394.86,6171869.81,residential,12808000
A-208364,Soendergade 150,491017.67,6239711.64,commercial,23039000
A-201686,Vestergade 105,491775.24,6290421.57,public,2551000
A-200558,Skovvej 183,727381.45,6194915.18,residential,18221000
A-213305,Skovvej 85,549542.84,6355249.23,residential,37278000
A-201587,Moellevej 105,584731.35,6127113.48,commercial,5107000
A-212975,Strandvej 105,703492.53,6185640.44,industrial,17335000
A-204686,Birkevej 164,584110.00,6194581.82,residential,28217000
A-207668,Toftevej 51,696819.46,6201911.17,residential,24675000
A-207350,Soendergade 30,723945.54,6201976.72,residential,13437000
A-202646,Stationsvej 12,724117.03,6195494.78,commercial,35011000
A-212063,Lindevej 235,555770.55,6219476.48,industrial,16945000
A-205511,Strandvej 109,577486.59,6109449.07,commercial,4698000
A-208037,Stationsvej 28,574106.15,6246217.43,residential,40965000
A-201818,Noerregade 145,704454.31,6181833.11,public,24854000
A-203039,Skovvej 227,697482.42,6199819.21,public,1960000
A-204089,Noerregade 198,573282.60,6381069.31,residential,7638000
A-212681,Egevej 222,504600.81,6249692.97,public,11003000
A-202976,Engvej 150,697884.33,6127981.53,commercial,19867000
A-208895,Egevej 107,708783.69,6193572.27,residential,2441000
A-208067,Egevej 45,682041.74,6158548.06,industrial,3596000
A-213518,Stationsvej 159,712752.40,6182601.84,industrial,12301000
A-210269,Soendergade 54,548249.39,6103953.19,commercial,24776000
A-203273,Lindevej 10,718807.01,6208092.36,residential,10183000
A-208466,Bakkevej 185,483137.21,6297693.09,public,5851000
A-203315,Stationsvej 229,486304.04,6232263.86,residential,4063000
A-205358,Soendergade 43,719104.94,6181734.53,agricultural,10089000
A-209228,Engvej 57,577756.28,6230478.87,residential,16940000
A-211757,Kirkevej 156,672076.76,6156577.35,commercial,29819000
A-209318,Havnegade 150,575625.80,6225038.75,public,25099000
A-213713,Egevej 24,569350.86,6219637.49,industrial,10147000
A-200504,Bakkevej 14,710646.76,6174069.21,industrial,33644000
A-205547,Lindevej 147,571054.70,6127133.03,commercial,21290000
A-200501,Strandvej 209,546056.14,6103362.59,residential,23538000
A-203093,Strandvej 160,554780.68,6141985.86,agricultural,2017000
A-203195,Strandvej 204,720497.88,6199908.19,public,38517000
A-200012,Engvej 37,561369.97,6342247.47,agricultural,3419000
A-208154,Stationsvej 228,553432.62,6113679.44,commercial,8710000
A-211295,Moellevej 147,701523.99,6197619.62,public,11930000
A-209795,Engvej 188,727634.90,6190919.31,residential,15610000
A-208049,Havnegade 177,606110.38,6120308.97,agricultural,4270000
A-201653,Moellevej 127,539979.24,6263916.26,commercial,6249000
A-211061,Toftevej 136,550947.26,6106910.07,commercial,16274000
A-208940,Havnegade 117,504923.78,6224724.93,industrial,3657000
A-206723,Soendergade 198,715915.54,6177807.38,industrial,9895000
A-201716,Aavej 108,682333.39,6197327.04,residential,36668000
A-204050,Bakkevej 53,654775.98,6127172.37,industrial,33512000
A-203738,Stationsvej 234,717152.81,6202686.85,public,37262000
A-214025,Aavej 170,647888.79,6176404.06,industrial,28784000
A-201635,Strandvej 131,564067.49,6215154.30,residential,7135000
A-210878,Birkevej 120,714697.29,6177363.81,agricultural,4253000
A-201053,Havnegade 155,681020.42,6187001.39,residential,14188000
A-206576,Engvej 159,562066.75,6126808.50,industrial,16559000
A-214751,Stationsvej 208,582701.63,6163199.25,residential,17580000
A-213860,Noerregade 64,539278.42,6266654.29,residential,16941000
A-213182,Birkevej 128,724109.97,6209703.08,public,26244000
A-210629,Birkevej 174,727711.24,6196027.33,agricultural,20456000
A-207239,Engvej 21,641495.59,6188550.82,residential,28289000
A-209291,Lindevej 68,708763.84,6206104.02,industrial,24704000
A-201350,Strandvej 142,667415.32,6127127.05,public,30663000
A-203612,Kirkevej 224,544024.77,6204212.62,residential,35762000
A-209039,Aavej 8,476449.53,6276310.39,residential,15844000
A-212669,Havnegade 198,703133.59,6211060.48,public,36928000
A-200369,Aavej 234,703256.32,6204162.53,agricultural,7598000
A-204842,Kirkevej 46,585079.35,6138890.49,residential,17221000
A-207821,Egevej 25,475892.76,6289442.52,residential,36948000
A-211760,Engvej 203,566795.62,6249857.66,industrial,38009000
A-207635,Birkevej 16,538614.21,6262611.83,residential,6658000
A-206558,Toftevej 128,721829.39,6192236.94,residential,36045000
A-209480,Havnegade 155,712824.94,6187271.39,residential,21240000
A-209858,Lindevej 76,533427.46,6328625.32,public,16496000
A-203798,Havnegade 216,708652.26,6132684.47,residential,1004000
A-211124,Stationsvej 167,485749.04,6266903.88,industrial,25906000
A-207278,Skovvej 15,702125.54,6163808.90,industrial,6544000
A-202310,Noerregade 218,520693.82,6366649.25,public,20522000
A-212480,Toftevej 54,714488.30,6167962.63,residential,34634000
A-207062,Soendergade 163,510851.32,6237350.69,commercial,31465000
A-210884,Engvej 203,583820.36,6241192.26,residential,891000
A-202250,Lindevej 205,725501.23,6196418.10,public,34214000
A-205943,Vestergade 172,727355.60,6176930.78,industrial,7540000
A-211691,Stationsvej 102,701710.88,6193186.73,commercial,28818000
A-212105,Toftevej 62,530190.61,6179027.52,industrial,3441000
A-212540,Toftevej 124,707720.11,6145625.23,industrial,32574000
A-201011,Bakkevej 33,553246.97,6340091.93,agricultural,3427000
A-205106,Noerregade 14,707554.62,6200165.49,public,23946000
A-207833,Soendergade 194,530357.03,6248632.39,industrial,30130000
A-202292,Toftevej 115,724439.12,6195794.33,agricultural,14634000
A-211340,Skovvej 155,483413.38,6277303.93,residential,40578000
A-212675,Vestergade 182,721350.59,6170550.13,residential,14073000
A-210914,Stationsvej 238,529053.51,6383136.37,commercial,22032000
A-200015,Engvej 174,727446.75,6214353.20,industrial,29141000
A-213362,Moellevej 87,528441.09,6146349.63,commercial,10367000
A-212237,Vestergade 147,573862.50,6371924.37,public,5916000
A-204449,Engvej 204,635097.24,6152194.19,residential,20639000
A-213311,Vestergade 130,699672.07,6190345.94,residential,9026000
A-212792,Moellevej 69,718793.36,6200846.65,residential,26729000
A-209087,Bakkevej 16,520070.55,6376929.16,commercial,8050000
A-212075,Stationsvej 190,668063.17,6178470.18,public,20134000
A-208799,Toftevej 119,711486.27,6209044.31,residential,35322000
A-214706,Skovvej 217,578922.86,6115586.08,residential,22333000
A-214526,Havnegade 174,632935.49,6201348.08,residential,26830000
A-201245,Toftevej 47,553160.85,6209346.26,residential,2691000
A-202133,Soendergade 77,594197.74,6137809.27,industrial,32359000
A-206942,Lindevej 135,636347.62,6162728.61,residential,41726000
A-212855,Kirkevej 24,702309.59,6215985.10,commercial,18454000
A-203561,Birkevej 117,587721.75,6097280.55,agricultural,36155000
A-209588,Lindevej 76,561339.81,6222755.69,industrial,26846000
A-209759,Toftevej 186,719087.79,6161489.81,agricultural,37624000
A-205418,Bakkevej 67,677747.84,6192194.48,industrial,8800000
A-212822,Birkevej 127,673604.77,6123556.42,industrial,39167000
A-204884,Moellevej 224,714485.42,6189428.49,residential,36313000
A-210689,Stationsvej 194,544146.25,6204061.45,residential,16018000
A-204719,Soendergade 1,727209.96,6215651.56,public,38047000
A-206147,Engvej 94,696951.26,6209972.79,residential,41105000
A-204824,Skovvej 161,511521.41,6181825.33,residential,2108000
A-213239,Toftevej 192,586351.62,6112164.32,residential,39971000
A-211487,Toftevej 8,539979.52,6216429.20,industrial,7098000
A-213521,Skovvej 195,708401.51,6161265.16,commercial,37945000
A-205715,Strandvej 195,512165.11,6192829.71,commercial,13085000
A-204260,Moellevej 4,564866.56,6139472.53,commercial,506000
A-207053,Engvej 89,508458.70,6304827.37,commercial,41988000
A-200858,Vestergade 173,698093.94,6177712.41,residential,9484000
A-210557,Bakkevej 19,723188.15,6174879.37,agricultural,33606000
A-205724,Egevej 26,580490.14,6352777.54,industrial,37095000
A-200771,Stationsvej 202,720762.04,6186623.33,residential,24215000
A-200246,Havnegade 1,556514.98,6346104.96,public,37184000
A-207227,Skovvej 159,655319.57,6158009.70,industrial,38238000
A-210695,Havnegade 235,547706.00,6143735.59,residential,29694000
A-208157,Havnegade 162,567425.43,6264653.32,residential,10990000
A-206927,Birkevej 37,727006.06,6172131.58,public,40478000
A-211604,Noerregade 33,489087.67,6206640.69,industrial,39287000
A-201125,Egevej 167,536472.20,6376177.84,residential,2732000
A-201857,Egevej 110,655328.97,6146119.82,industrial,3314000
A-204875,Stationsvej 129,677151.29,6194920.96,residential,1871000
A-200036,Lindevej 82,542702.60,6187124.11,agricultural,1765000
A-204986,Vestergade 148,727991.79,6179863.79,residential,3693000
A-200696,Aavej 29,659117.83,6195364.88,public,39286000
A-201620,Toftevej 230,585745.37,6238755.12,residential,3388000
A-204611,Birkevej 154,727346.84,6204132.80,industrial,19383000
A-200843,Lindevej 152,715185.92,6162337.91,industrial,12337000
A-211265,Toftevej 80,685630.20,6200580.31,residential,507000
A-210035,Soendergade 159,594725.57,6118691.13,industrial,32530000
A-212447,Vestergade 43,668599.43,6184751.98,public,28140000
A-208256,Vestergade 52,563582.73,6165396.50,residential,18005000
A-200339,Skovvej 182,556196.50,6158628.54,residential,27617000
A-212393,Lindevej 116,657413.88,6143108.19,residential,40710000
A-201548,Vestergade 62,550260.21,6119120.82,residential,29775000
A-201563,Noerregade 164,502627.82,6268317.78,residential,36568000
A-205502,Lindevej 124,721078.52,6172383.26,commercial,37217000
A-200813,Birkevej 222,583101.28,6235063.51,agricultural,23673000
A-206252,Havnegade 232,717518.29,6193138.68,residential,1126000
A-204062,Stationsvej 118,529643.54,6325104.98,industrial,37796000
A-203843,Engvej 78,727517.26,6199317.80,agricultural,36520000
A-202772,Noerregade 108,506678.02,6102037.97,residential,34021000
A-201953,Lindevej 88,687353.95,6192037.50,industrial,16198000
A-211283,Soendergade 236,703124.88,6203383.09,industrial,34939000
A-214769,Strandvej 82,606881.03,6143018.80,residential,41203000
A-204662,Moellevej 197,572056.21,6314787.69,public,15306000
A-200066,Noerregade 58,504633.13,6148411.40,public,7131000
A-203822,Birkevej 183,555088.61,6250752.55,residential,40961000
A-208289,Lindevej 7,698627.24,6204256.09,residential,10995000
A-205964,Toftevej 99,667013.36,6181594.15,residential,32034000
A-204026,Moellevej 177,706645.95,6204618.21,industrial,25919000
A-202331,Soendergade 26,563680.42,6145726.12,residential,36505000
A-202262,Egevej 40,482666.46,6298970.98,industrial,39843000
A-209144,Strandvej 2,722632.66,6180695.69,public,26347000
A-210041,Egevej 192,545871.68,6379165.95,residential,2007000
A-207968,Skovvej 204,495609.84,6130861.40,residential,30522000
A-203519,Aavej 230,652744.77,6165648.54,agricultural,14097000
A-205430,Toftevej 16,651878.00,6147769.67,commercial,21083000
A-205727,Engvej 110,534078.35,6338613.91,residential,25119000
A-210554,Noerregade 235,559465.22,6261753.12,residential,6297000
A-202232,Noerregade 197,675255.24,6128851.63,industrial,40449000
A-210896,Soendergade 191,718836.23,6163091.75,residential,36742000
A-204002,Engvej 9,719066.89,6206670.00,residential,1283000
A-206543,Toftevej 67,573991.53,6215886.32,public,13988000
A-212066,Vestergade 157,710444.13,6189180.77,residential,30593000
A-203921,Havnegade 66,539638.40,6244779.75,residential,18450000
A-200567,Moellevej 111,562294.51,6203157.75,industrial,7673000
A-211016,Bakkevej 140,701371.07,6199975.74,residential,28866000
A-200342,Lindevej 132,501176.79,6094710.57,commercial,8618000
A-205151,Aavej 38,588610.64,6149918.12,agricultural,11799000
A-205694,Noerregade 155,545420.40,6248050.85,residential,24104000
A-205067,Skovvej 100,706068.90,6193240.24,residential,17596000
A-206990,Kirkevej 233,669689.56,6180154.68,residential,35030000
A-200156,Noerregade 174,561151.68,6259461.14,commercial,7729000
A-212852,Toftevej 56,680517.64,6115427.85,commercial,32188000
A-208805,Engvej 183,724311.78,6212899.97,agricultural,32771000
A-203555,Engvej 166,722731.92,6206331.39,commercial,3173000
A-201521,Kirkevej 52,547829.48,6248757.24,agricultural,13901000
A-202253,Skovvej 50,649698.89,6136482.36,commercial,11165000
A-212138,Moellevej 99,577798.95,6131951.77,residential,27850000
A-205649,Birkevej 166,549129.18,6339188.73,residential,5724000
A-209807,Egevej 124,637164.95,6186322.87,residential,15728000
A-206387,Havnegade 228,726086.81,6199405.56,residential,29193000
A-210593,Lindevej 132,705311.67,6182219.00,industrial,24218000
A-213887,Havnegade 128,564353.62,6109272.47,commercial,7400000
A-206318,Toftevej 71,698635.76,6213186.29,public,37226000
A-209003,Skovvej 42,520773.60,6203544.82,residential,8381000
A-207542,Aavej 101,641381.21,6190711.76,commercial,41180000
A-214685,Moellevej 216,710102.79,6165702.34,public,6817000
A-203897,Soendergade 161,582067.06,6210342.45,residential,16139000
A-209303,Toftevej 14,675089.92,6199679.08,residential,10921000
A-208505,Toftevej 88,532053.80,6316537.45,industrial,11292000
A-201755,Noerregade 169,549118.61,6150991.90,agricultural,25861000
A-203837,Vestergade 30,705248.78,6163815.39,public,34153000
A-213251,Egevej 164,559976.33,6237135.63,residential,15869000
A-214265,Noerregade 134,571293.48,6319477.92,commercial,14269000
A-211853,Aavej 163,486509.93,6249689.47,public,30410000
A-202982,Lindevej 111,524676.75,6220549.05,residential,1223000
A-205874,Birkevej 128,649457.18,6152617.18,residential,10565000
A-210854,Aavej 158,706832.95,6174620.32,residential,16405000
A-204878,Egevej 80,520831.62,6353249.97,residential,1726000
A-205823,Bakkevej 214,721158.11,6168014.08,residential,15729000
A-206591,Toftevej 115,549766.81,6096499.13,residential,37128000
A-208889,Vestergade 45,642129.74,6146883.02,residential,9448000
A-214304,Bakkevej 5,704687.96,6182814.75,residential,36121000
A-214262,Kirkevej 239,710544.16,6214768.81,residential,23173000
A-209744,Skovvej 226,572143.80,6140157.46,agricultural,36306000
A-204674,Strandvej 41,683003.86,6124594.53,residential,794000
A-209753,Egevej 115,709814.45,6203415.06,residential,31459000
A-210923,Soendergade 81,574506.66,6113556.43,industrial,6764000
A-208985,Strandvej 121,710159.35,6193968.89,public,27282000
A-212525,Noerregade 18,532697.00,6086477.51,residential,39428000
A-210248,Egevej 78,585990.20,6131112.47,residential,12678000
A-202793,Aavej 235,700673.67,6191784.76,residential,27389000
A-210101,Havnegade 158,514915.36,6189756.34,public,5328000
A-201212,Vestergade 97,566883.05,6228559.92,public,37360000
A-202406,Strandvej 114,557740.21,6223938.76,agricultural,31969000
A-214865,Vestergade 136,644879.26,6168677.71,residential,22136000
A-204974,Egevej 145,512160.07,6262527.06,residential,8983000
A-214421,Vestergade 161,570937.11,6257341.45,residential,3409000
A-214586,Strandvej 158,649057.20,6199335.16,residential,17095000
A-211058,Skovvej 27,677275.46,6197062.05,residential,36295000
A-201761,Egevej 69,727079.40,6199395.70,residential,3005000
A-214100,Toftevej 175,584337.75,6234830.07,residential,24149000
A-211193,Vestergade 79,705866.38,6203470.60,commercial,13496000
A-202667,Noerregade 36,727672.26,6209150.53,residential,11691000
A-204584,Stationsvej 109,682520.05,6176452.33,public,4737000
A-213812,Aavej 184,721775.44,6175137.03,residential,7685000
A-212171,Stationsvej 193,658496.16,6198387.46,commercial,5446000
A-213926,Egevej 24,705004.31,6164714.06,residential,21185000
A-202436,Engvej 201,505910.12,6251166.61,commercial,34554000
A-205505,Strandvej 105,722500.99,6169882.25,residential,10743000
A-201113,Strandvej 12,724374.74,6189729.46,agricultural,2883000
A-206414,Noerregade 164,703509.25,6187706.95,agricultural,17506000
A-208055,Kirkevej 94,721669.12,6179425.64,residential,37005000
A-208949,Havnegade 42,726881.70,6174892.23,public,16303000
A-205553,Aavej 160,563190.78,6271337.82,residential,25915000
A-212204,Engvej 85,572451.37,6205070.67,commercial,18315000
A-204965,Stationsvej 104,667949.19,6185986.09,public,19230000
A-202862,Lindevej 151,570256.90,6267620.69,commercial,33158000
A-204857,Kirkevej 222,579649.37,6269068.59,residential,15135000
A-205784,Moellevej 63,493111.06,6149036.16,commercial,41559000
A-208430,Bakkevej 124,558624.07,6234701.15,public,4063000
A-212834,Strandvej 13,532893.38,6260404.41,residential,30337000
A-203432,Stationsvej 227,716343.21,6175990.19,commercial,5213000
A-201518,Havnegade 123,711374.10,6165310.40,residential,13121000
A-212147,Toftevej 224,701636.14,6186494.81,industrial,30960000
A-209078,Engvej 174,558418.88,6327491.09,industrial,28275000
A-202013,Stationsvej 169,477420.44,6298999.07,agricultural,17093000
A-205190,Aavej 75,680495.04,6169620.55,residential,16267000
A-213605,Soendergade 151,530893.98,6343248.85,industrial,26647000
A-203567,Moellevej 140,724041.90,6164303.16,agricultural,22018000
A-203405,Moellevej 105,710607.95,6189108.25,agricultural,18178000
A-201197,Egevej 88,525689.51,6219627.29,agricultural,27212000
A-209663,Vestergade 221,559920.57,6158410.92,commercial,13266000
A-211022,Lindevej 83,596903.79,6145777.01,commercial,34519000
A-201599,Skovvej 57,471668.93,6164992.65,public,41848000
A-207098,Skovvej 190,717655.29,6216838.34,residential,7433000
A-203063,Kirkevej 148,552168.08,6216746.09,agricultural,39464000
A-210998,Moellevej 44,712663.16,6183568.26,residential,33948000
A-207872,Kirkevej 49,707624.87,6177853.04,residential,40927000
A-206888,Soendergade 159,535670.85,6229769.24,residential,31692000
A-201719,Moellevej 82,557564.66,6159329.07,public,4314000
A-212282,Strandvej 200,632852.59,6190548.36,residential,27433000
A-209432,Engvej 92,723309.70,6207383.08,commercial,17640000
A-201572,Vestergade 28,616512.90,6156066.83,residential,9501000
A-209009,Havnegade 221,648454.56,6121551.96,residential,33749000
A-213131,Strandvej 238,710105.67,6202558.76,commercial,32584000
A-202205,Lindevej 81,582411.09,6123130.98,industrial,41383000
A-204890,Soendergade 163,716598.11,6185637.49,public,27966000
A-205484,Bakkevej 173,683486.23,6175204.84,industrial,1875000
A-205775,Soendergade 159,568734.17,6197569.30,industrial,30690000
A-213842,Strandvej 211,563499.66,6156394.37,residential,22277000
A-208499,Birkevej 146,570361.87,6267146.42,agricultural,18611000
A-203366,Soendergade 78,598514.93,6127759.51,public,32529000
A-210206,Skovvej 118,562041.92,6209540.43,commercial,18551000
A-203147,Lindevej 84,649369.99,6152313.51,industrial,10784000
A-209906,Lindevej 122,588670.75,6109075.16,residential,40859000
A-212333,Noerregade 194,709452.95,6175957.99,residential,7036000
A-201770,Egevej 210,560354.87,6110920.44,residential,3997000
A-206852,Engvej 113,567201.67,6327413.43,residential,22376000
A-201425,Egevej 8,688845.31,6151192.67,industrial,41417000
A-200141,Strandvej 135,550374.54,6365442.02,commercial,12087000
A-214937,Stationsvej 90,515649.30,6207599.88,industrial,5622000
A-204566,Havnegade 141,586027.23,6211243.60,public,3088000
A-213395,Egevej 74,705914.32,6164761.56,residential,40522000
A-209231,Birkevej 3,508455.67,6222450.18,commercial,17550000
A-208277,Moellevej 88,530131.13,6364342.94,industrial,31338000
A-201695,Birkevej 161,568262.36,6317150.69,industrial,26670000
A-213467,Moellevej 65,589989.57,6167327.97,industrial,29558000
A-208496,Egevej 5,698279.09,6211768.02,agricultural,4468000
A-202652,Toftevej 82,665294.17,6134146.83,residential,41611000
A-202229,Egevej 209,648410.21,6148194.81,residential,11748000
A-213632,Havnegade 135,668370.96,6150929.92,agricultural,13320000
A-203777,Egevej 148,720041.08,6169783.88,industrial,10645000
A-204698,Havnegade 221,552128.00,6100581.52,commercial,12007000
A-200072,Birkevej 216,706673.63,6176286.16,commercial,3405000
A-206405,Egevej 71,530769.19,6233809.45,commercial,38448000
A-203174,Soendergade 156,551630.97,6101149.62,residential,5066000
A-212057,Vestergade 59,540317.90,6238767.26,public,41563000
A-200291,Lindevej 140,645716.28,6175644.18,agricultural,6325000
A-205013,Toftevej 196,537885.45,6211914.70,residential,17138000
A-212126,Aavej 18,719350.79,6177346.85,residential,16974000
A-204314,Toftevej 83,719098.99,6165711.43,commercial,11859000
A-214772,Skovvej 106,713185.77,6193777.53,agricultural,32982000
A-214580,Bakkevej 196,674078.25,6199818.63,industrial,22666000
A-204644,Skovvej 111,508471.56,6175826.47,residential,35079000
A-207026,Vestergade 162,527807.18,6259368.66,public,4657000
A-212702,Stationsvej 142,527305.87,6241043.09,public,30568000
A-205538,Soendergade 167,704071.60,6197219.70,agricultural,14167000
A-211655,Bakkevej 185,699838.64,6193096.65,public,6671000
A-213797,Engvej 113,522586.79,6209997.01,industrial,17245000
A-200921,Moellevej 132,723283.69,6163920.28,residential,19787000
A-212639,Moellevej 217,654915.53,6167032.26,residential,14965000
A-207113,Skovvej 51,552483.81,6196137.53,residential,16806000
A-207056,Soendergade 20,696050.78,6182078.66,agricultural,28407000
A-206300,Soendergade 90,641905.03,6157051.24,public,26573000
A-201773,Birkevej 97,563884.67,6233870.11,residential,37883000
A-200423,Aavej 218,717756.02,6204018.08,industrial,17685000
A-200075,Strandvej 62,703777.85,6184988.08,industrial,25134000
A-213338,Stationsvej 85,728146.48,6190528.50,agricultural,28755000
A-210845,Moellevej 105,648508.30,6181552.08,agricultural,41276000
A-206186,Strandvej 106,696797.54,6134003.93,industrial,19392000
A-213698,Noerregade 238,653831.18,6133084.43,residential,39904000
A-206996,Kirkevej 66,573443.14,6201793.23,residential,23266000
A-206984,Strandvej 42,705101.09,6190598.64,residential,22096000
A-203975,Moellevej 198,656812.83,6145557.95,public,3657000
A-209066,Lindevej 149,500057.68,6277152.75,commercial,9363000
A-200309,Havnegade 3,572890.17,6249140.85,agricultural,11783000
A-206993,Egevej 186,660766.23,6174736.02,commercial,5977000
A-202220,Vestergade 26,615643.13,6162256.79,public,15980000
A-200471,Bakkevej 202,481208.46,6139505.83,residential,38615000
A-200420,Havnegade 237,519727.11,6249317.41,public,16391000
A-204596,Lindevej 215,541292.89,6210124.53,residential,32659000
A-209063,Birkevej 124,696619.01,6194221.44,residential,37668000
A-200687,Toftevej 213,708027.93,6182355.87,agricultural,23295000
A-210128,Lindevej 129,492222.98,6249242.34,residential,22051000
A-209165,Toftevej 68,671202.36,6173553.37,public,37746000
A-210872,Toftevej 138,603957.46,6159783.36,residential,13456000
A-205706,Stationsvej 240,533416.92,6203068.25,industrial,35712000
A-209024,Skovvej 71,723686.28,6206156.40,industrial,30400000
A-201014,Lindevej 121,717857.23,6170136.39,agricultural,7238000
A-209501,Noerregade 201,509130.51,6250485.30,industrial,2483000
A-201305,Toftevej 189,615528.62,6132955.54,agricultural,36717000
A-201566,Havnegade 64,718734.63,6215390.26,industrial,11898000
A-214370,Stationsvej 66,709752.51,6192262.69,commercial,10846000
A-207995,Kirkevej 156,577895.69,6110006.49,agricultural,22463000
A-200495,Vestergade 56,575603.16,6132182.23,residential,4099000
A-211289,Soendergade 111,609222.23,6147136.88,public,26323000
A-214289,Bakkevej 156,722798.81,6205440.78,residential,16399000
A-203489,Engvej 35,612934.35,6137043.01,industrial,18195000
A-213023,Moellevej 23,711019.81,6173527.39,commercial,17660000
A-213341,Strandvej 212,615375.70,6109885.88,residential,33909000
A-210650,Soendergade 240,484992.38,6194161.11,residential,9199000
A-206234,Engvej 41,726293.19,6163600.81,agricultural,27614000
A-214088,Aavej 157,643488.60,6185219.42,commercial,22889000
A-206435,Skovvej 105,716392.63,6172735.37,commercial,33131000
A-210440,Strandvej 110,718706.04,6198831.37,industrial,24385000
A-210794,Aavej 226,696280.94,6213955.88,residential,18893000
A-205952,Noerregade 36,721523.27,6177412.71,public,10440000
A-211967,Engvej 219,675772.84,6181443.80,residential,14562000
A-206936,Vestergade 179,698480.68,6166981.70,commercial,31730000
A-210752,Havnegade 204,687624.89,6117172.39,residential,4355000
A-201470,Engvej 234,713957.98,6183933.50,industrial,15488000
A-201701,Engvej 57,723955.73,6169572.61,public,1885000
A-213431,Egevej 41,606490.71,6127300.99,residential,4672000
A-206366,Aavej 118,522889.77,6218165.60,public,4315000
A-205925,Engvej 92,569881.10,6248266.89,agricultural,40585000
A-214637,Skovvej 175,488484.41,6220656.65,residential,27512000
A-214481,Toftevej 10,681523.26,6168198.72,residential,13183000
A-209495,Egevej 240,503808.10,6208815.46,commercial,2387000
A-213899,Kirkevej 62,540316.62,6241506.04,residential,20873000
A-201545,Egevej 176,694348.05,6137626.29,industrial,32168000
A-201845,Kirkevej 176,667556.02,6124396.28,residential,30314000
A-206615,Strandvej 212,530485.78,6333249.95,agricultural,37068000
A-212504,Engvej 29,558054.67,6245303.19,commercial,6426000
A-214037,Birkevej 21,591667.65,6309626.40,residential,14039000
A-200204,Soendergade 135,713275.59,6166040.18,residential,12586000
A-207251,Lindevej 115,516765.08,6369442.70,residential,12050000
A-206798,Egevej 132,485470.19,6134438.11,residential,14856000
A-207203,Lindevej 56,703605.59,6182534.25,agricultural,30525000
A-202619,Bakkevej 83,575464.91,6217448.08,residential,27370000
A-211388,Skovvej 187,574447.78,6191985.46,agricultural,30395000
A-209564,Moellevej 126,573976.40,6095889.07,residential,36683000
A-206378,Engvej 159,725890.62,6175924.87,residential,11411000
A-201617,Noerregade 135,549020.88,6196120.72,industrial,41283000
A-208961,Skovvej 76,605950.35,6136682.75,residential,22808000
A-203696,Egevej 130,582283.07,6103921.40,industrial,7502000
A-211664,Engvej 99,706448.98,6164034.03,industrial,20464000
A-214571,Stationsvej 224,583624.67,6103739.28,agricultural,7638000
A-211520,Noerregade 136,692020.51,6150257.89,agricultural,12881000
A-212291,Strandvej 17,650473.64,6202496.40,residential,16854000
A-207065,Stationsvej 19,481754.78,6303200.78,residential,12271000
A-212501,Skovvej 228,550547.07,6137849.92,agricultural,35082000
A-212141,Kirkevej 53,563265.69,6136159.89,commercial,35856000
A-204170,Kirkevej 155,699331.05,6199886.13,commercial,15153000
A-206831,Strandvej 143,599984.47,6139141.48,residential,14675000
A-203993,Lindevej 212,560361.71,6269881.28,residential,33809000
A-200027,Toftevej 140,579953.12,6137074.93,residential,13793000
A-205271,Noerregade 171,542407.94,6295626.32,residential,9773000
A-209336,Kirkevej 3,536247.55,6112122.85,residential,24935000
A-205409,Engvej 102,636795.90,6178925.80,agricultural,37398000
A-202322,Lindevej 40,650724.54,6123221.71,industrial,11244000
A-203162,Havnegade 38,584149.81,6371485.69,public,26471000
A-206564,Soendergade 2,571021.99,6231662.51,public,8616000
A-214157,Noerregade 1,565792.60,6196815.78,public,24950000
A-203216,Noerregade 67,562859.16,6149481.08,agricultural,14576000
A-204695,Moellevej 223,691857.15,6159908.03,residential,40066000
A-208418,Havnegade 158,717087.15,6207761.76,commercial,26536000
A-214610,Soendergade 181,725315.69,6214141.28,public,16012000
A-203603,Skovvej 83,697331.00,6210862.09,residential,6497000
A-211127,Havnegade 124,706618.89,6199983.65,commercial,29297000
A-211490,Kirkevej 170,663635.90,6153180.60,residential,12375000
A-209981,Birkevej 31,494792.00,6298124.64,agricultural,6619000
A-203900,Aavej 89,707939.59,6166330.90,industrial,13103000
A-205700,Toftevej 221,711948.84,6215844.60,residential,40482000
A-203333,Engvej 4,479864.94,6203288.60,commercial,16251000
A-202376,Havnegade 118,728187.22,6186278.84,residential,5683000
A-203507,Engvej 11,493181.56,6228037.34,agricultural,25041000
A-213113,Vestergade 236,511216.79,6262373.39,industrial,30269000
A-212534,Moellevej 132,478682.07,6260648.43,residential,30577000
A-205583,Toftevej 62,481574.73,6173435.02,public,38115000
A-206759,Havnegade 11,651216.25,6161942.29,residential,20520000
A-212894,Engvej 51,693902.69,6158681.10,public,1643000
A-209186,Egevej 164,727444.26,6193349.94,commercial,39281000
A-214802,Toftevej 169,583496.89,6269782.35,residential,21546000
A-202298,Havnegade 106,713846.24,6180164.11,industrial,3017000
A-212183,Strandvej 227,591725.23,6147882.93,industrial,969000
A-213620,Vestergade 60,699197.76,6174567.49,residential,20276000
A-201569,Havnegade 25,604093.52,6112539.06,residential,26255000
A-211634,Noerregade 132,706346.70,6176882.03,commercial,24014000
A-212696,Egevej 66,634289.46,6134057.63,residential,31776000
A-205166,Birkevej 109,580008.42,6190600.78,commercial,951000
A-207017,Kirkevej 238,573183.46,6101176.84,residential,3448000
A-201401,Skovvej 111,701785.81,6195641.17,agricultural,16273000
A-214631,Moellevej 139,585258.26,6221049.57,residential,20210000
A-206054,Aavej 31,476957.18,6305061.66,public,8834000
A-210269,Toftevej 205,722689.92,6185999.33,public,39365000
A-205262,Havnegade 149,717298.65,6190671.47,residential,1969000
A-213590,Noerregade 122,501869.82,6206036.30,commercial,11412000
A-210980,Moellevej 124,727947.66,6194051.06,commercial,25187000
A-210338,Moellevej 55,721453.86,6212418.52,residential,30654000
A-207494,Noerregade 43,683613.62,6133468.17,residential,22716000
A-207662,Aavej 41,606349.15,6124800.46,industrial,1721000
A-213839,Havnegade 193,524258.30,6175686.66,commercial,21502000
A-211625,Stationsvej 199,594068.38,6151869.26,commercial,29442000
A-208445,Havnegade 224,542222.84,6209148.43,industrial,36707000
A-202985,Soendergade 14,578296.39,6249545.09,commercial,21733000
A-205592,Kirkevej 84,719436.62,6195205.39,agricultural,36651000
A-207515,Strandvej 139,708611.96,6206880.71,residential,32454000
A-214577,Strandvej 106,689974.67,6175905.43,residential,20737000
A-203345,Vestergade 163,567590.99,6249983.24,commercial,9244000
A-209897,Vestergade 79,660119.07,6152838.57,industrial,36971000
A-207491,Stationsvej 220,708106.86,6170211.78,commercial,20200000
A-205061,Moellevej 14,551197.37,6165824.58,commercial,31056000
A-212180,Havnegade 154,642411.24,6134978.97,industrial,37158000
A-214082,Havnegade 169,669663.20,6116626.39,agricultural,9002000
A-214013,Havnegade 74,643611.38,6159966.46,residential,30350000
A-201302,Aavej 193,645291.44,6182156.72,industrial,32366000
A-208217,Aavej 43,709248.23,6177985.21,residential,17564000
A-200915,Egevej 117,486508.31,6174153.64,residential,32473000
A-209720,Toftevej 103,675592.46,6200870.39,industrial,11212000
A-204551,Egevej 118,707184.82,6161792.07,agricultural,40138000
A-207323,Bakkevej 132,712835.40,6178041.63,residential,35401000
A-202760,Bakkevej 194,503213.76,6298941.57,public,17894000
A-213671,Havnegade 29,651567.80,6142610.72,residential,17739000
A-213707,Stationsvej 9,713399.17,6191605.80,commercial,33768000
A-206117,Strandvej 174,564089.98,6194390.59,industrial,36195000
A-200666,Skovvej 106,661470.38,6134056.26,commercial,30863000
A-203450,Bakkevej 165,552595.92,6253550.88,residential,10905000
A-203885,Aavej 98,699097.26,6165342.70,agricultural,12249000
A-207185,Lindevej 39,581525.28,6255685.76,public,22765000
A-205133,Engvej 166,604289.51,6157049.18,agricultural,39484000
A-204470,Vestergade 195,543342.34,6250050.15,agricultural,18250000
A-209222,Engvej 219,649643.06,6194176.15,public,25994000
A-201680,Soendergade 205,647776.49,6117430.78,public,18696000
A-213815,Noerregade 49,506690.96,6190877.79,industrial,1995000
A-205478,Soendergade 206,476047.64,6275975.61,residential,935000
A-209975,Stationsvej 93,664912.31,6202399.40,residential,28370000
A-211568,Stationsvej 233,705317.43,6119265.43,commercial,30632000
A-209915,Birkevej 197,587939.13,6384374.90,agricultural,7044000
A-205754,Noerregade 32,663911.74,6150392.71,residential,31687000
A-209015,Kirkevej 66,568450.08,6269995.37,residential,2305000
A-211217,Engvej 73,513694.60,6277764.73,public,23414000
A-213485,Bakkevej 13,527908.52,6328020.33,agricultural,29826000
A-208982,Soendergade 133,711353.70,6185135.08,residential,11536000
A-210287,Aavej 163,513151.95,6312073.19,residential,40843000
A-210851,Strandvej 136,728961.25,6185025.84,commercial,9880000
A-205790,Stationsvej 219,658029.05,6125799.10,agricultural,34976000
A-213164,Lindevej 82,502862.47,6240033.33,residential,36372000
A-203357,Kirkevej 235,580093.23,6105441.21,industrial,24394000
A-205910,Bakkevej 148,562575.79,6105046.58,industrial,33820000
A-214886,Toftevej 44,497843.34,6241474.73,industrial,10748000
A-206846,Stationsvej 46,712793.43,6201798.94,public,33625000
A-201944,Kirkevej 20,694654.67,6200515.49,commercial,23791000
A-212117,Bakkevej 224,573880.55,6150962.75,agricultural,37856000
A-210632,Lindevej 17,551248.98,6216264.89,industrial,11246000
A-210602,Bakkevej 85,723184.82,6195947.70,residential,18809000
A-206057,Moellevej 92,537898.71,6226895.83,residential,8356000
A-214601,Bakkevej 118,515909.02,6275974.14,residential,36856000
A-209444,Havnegade 202,561216.74,6323584.02,public,29546000
A-207839,Bakkevej 129,642104.39,6172941.04,commercial,36081000
A-205556,Egevej 235,723303.22,6176111.14,residential,4633000
A-204305,Moellevej 172,595973.88,6336648.33,industrial,33948000
A-205721,Stationsvej 51,671454.11,6175725.15,commercial,6765000
A-212312,Bakkevej 186,527238.09,6155829.48,public,16913000
A-200630,Lindevej 145,567040.28,6213476.60,commercial,39385000
A-212618,Egevej 26,581182.02,6155398.98,agricultural,30833000
A-213149,Noerregade 160,674950.95,6161045.96,commercial,13647000
A-202811,Vestergade 1,540378.81,6321605.39,commercial,39147000
A-213308,Vestergade 34,613012.49,6129064.18,residential,17628000
A-210077,Engvej 104,569286.76,6241676.55,commercial,24777000
A-200318,Noerregade 126,700487.25,6193023.37,residential,34644000
A-208718,Strandvej 12,643838.45,6126431.84,commercial,28321000
A-202415,Toftevej 46,704059.88,6195365.90,residential,9583000
A-203462,Soendergade 127,704601.84,6203404.72,agricultural,35312000
A-210815,Soendergade 81,648902.20,6126861.02,public,1876000
A-207329,Kirkevej 26,496412.61,6233929.59,commercial,3905000
A-201899,Stationsvej 156,573420.31,6146704.38,public,24302000
A-211964,Toftevej 82,666064.23,6176969.16,public,14680000
A-208319,Stationsvej 176,719824.92,6164161.75,commercial,6793000
A-214952,Havnegade 140,564923.54,6268110.84,residential,3599000
A-201023,Skovvej 80,642428.10,6115829.46,public,24722000
A-206459,Egevej 238,728630.22,6188603.25,public,12420000
A-214532,Strandvej 120,570423.94,6117992.28,residential,6385000
A-211814,Strandvej 215,699925.12,6181726.22,residential,28139000
A-213407,Noerregade 43,718123.09,6178698.14,residential,33882000
A-206306,Bakkevej 170,570257.07,6191573.73,public,20114000
A-201662,Bakkevej 30,706777.90,6184244.97,residential,4646000
A-202346,Birkevej 157,706661.49,6203349.31,industrial,9003000
A-214337,Kirkevej 143,583400.46,6228209.45,commercial,26647000
A-202508,Vestergade 66,700556.78,6202083.59,commercial,20281000
A-204848,Stationsvej 50,550900.95,6242288.77,industrial,15280000
A-201839,Lindevej 99,661587.39,6185857.76,residential,28805000
A-213869,Egevej 198,514663.47,6349320.67,residential,7675000
A-203183,Vestergade 139,717630.71,6178960.91,residential,14590000
A-214625,Birkevej 99,580591.44,6232887.72,residential,4493000
A-210260,Toftevej 127,721285.65,6194495.34,residential,8416000
A-211358,Engvej 35,502401.40,6298868.43,industrial,10123000
A-200330,Noerregade 130,538004.68,6342884.83,residential,6788000
A-207347,Engvej 224,721194.40,6196547.61,residential,10614000
A-210308,Egevej 228,570728.67,6217558.06,public,9513000
A-200912,Stationsvej 158,703888.65,6198092.61,industrial,5900000
A-208934,Bakkevej 21,595949.53,6149320.55,commercial,22141000
A-205853,Havnegade 84,541643.57,6213617.34,commercial,30019000
A-205148,Bakkevej 96,557800.68,6200258.11,public,7280000
A-208382,Egevej 168,491875.63,6109127.40,residential,33421000
A-211874,Havnegade 22,584441.20,6197348.00,public,21307000
A-212888,Lindevej 84,565444.50,6248794.21,residential,38247000
A-203870,Engvej 172,573001.51,6256222.49,residential,37372000
A-202028,Lindevej 151,577999.89,6210663.19,residential,25653000
A-210449,Lindevej 109,709558.94,6191015.66,agricultural,18326000
A-212900,Egevej 139,722838.89,6190710.13,commercial,1463000
A-200564,Egevej 110,649528.31,6178039.36,residential,23728000
A-208571,Stationsvej 19,704322.87,6208227.22,public,24428000
A-202553,Aavej 222,489683.01,6190379.27,residential,26878000
A-200180,Lindevej 80,717756.47,6164554.04,residential,39693000
A-203762,Moellevej 107,585300.16,6250146.09,residential,1869000
A-212426,Birkevej 176,615688.73,6163205.84,residential,24342000
A-205001,Birkevej 53,713434.42,6166308.96,commercial,18496000
A-212798,Havnegade 211,551146.64,6263806.12,agricultural,36820000
A-209522,Stationsvej 131,539108.50,6143133.63,industrial,27235000
A-208421,Skovvej 8,696768.47,6204372.99,agricultural,8658000
A-205340,Vestergade 216,584231.12,6152697.53,public,16242000
A-209903,Stationsvej 23,705714.57,6172055.23,public,13697000
A-213557,Engvej 192,722387.88,6168270.52,residential,13603000
A-210497,Aavej 107,597796.80,6153037.70,public,9464000
A-202850,Birkevej 126,582457.19,6205520.98,residential,25589000
A-204896,Toftevej 211,710231.39,6169314.72,commercial,24748000
A-207182,Birkevej 192,540791.23,6250615.21,commercial,16191000
A-201968,Egevej 191,724794.64,6166857.36,residential,13523000
A-214334,Moellevej 121,536196.12,6335874.08,industrial,40133000
A-206339,Birkevej 163,692917.89,6144838.74,agricultural,25100000
A-200396,Lindevej 45,658093.58,6168929.80,public,4717000
A-203657,Strandvej 19,700516.01,6153925.08,residential,28185000
A-206069,Bakkevej 217,680307.43,6128931.49,residential,7527000
A-202754,Havnegade 235,531333.65,6277661.05,agricultural,800000
A-203495,Lindevej 23,583614.84,6231356.66,residential,18917000
A-210563,Stationsvej 68,700740.56,6169658.80,residential,24885000
A-206048,Noerregade 21,710441.56,6214719.87,residential,20055000
A-203087,Kirkevej 186,699508.86,6190384.47,residential,20796000
A-206051,Noerregade 173,590143.45,6145923.54,industrial,2823000
A-211373,Bakkevej 57,543653.65,6267217.57,public,9611000
A-211478,Bakkevej 179,683771.42,6187652.35,residential,38999000
A-214181,Soendergade 14,510732.12,6180261.79,agricultural,24198000
A-201326,Moellevej 7,596272.03,6328047.89,residential,19063000
A-204809,Strandvej 76,712386.50,6161866.86,residential,9268000
A-204371,Skovvej 165,724756.27,6209190.78,industrial,2906000
A-214232,Aavej 153,498774.77,6292474.96,public,21158000
A-205856,Bakkevej 59,592097.56,6133058.50,industrial,9681000
A-210713,Strandvej 90,665267.67,6183799.82,industrial,3991000
A-201512,Stationsvej 129,692486.79,6159162.01,industrial,7445000
A-209483,Bakkevej 93,675324.82,6128818.06,residential,2542000
A-211010,Skovvej 195,677895.91,6145663.84,residential,26827000
A-205403,Birkevej 8,564360.84,6120802.53,residential,33501000
A-210107,Noerregade 55,712567.15,6207139.30,residential,11672000
A-205817,Lindevej 54,645943.19,6121597.95,commercial,5931000
A-201116,Moellevej 175,567321.28,6232898.22,residential,31231000
A-203918,Kirkevej 61,478518.48,6278685.40,residential,19494000
A-206741,Engvej 125,643679.42,6160388.67,industrial,4682000
A-213539,Vestergade 109,709406.55,6200616.90,residential,4250000
A-206207,Bakkevej 171,707259.50,6169616.57,commercial,15109000
A-210290,Bakkevej 12,498227.90,6258988.10,agricultural,5602000
A-205838,Strandvej 177,548226.38,6101810.60,public,20885000
A-210674,Havnegade 82,531031.06,6354018.47,agricultural,39743000
A-203081,Stationsvej 96,548235.11,6250158.31,residential,35596000
A-200153,Birkevej 88,636295.65,6145520.78,commercial,4912000
A-200411,Havnegade 136,527039.09,6140601.02,public,6406000
A-203825,Noerregade 91,539071.55,6259390.77,industrial,9823000
A-210908,Egevej 170,727251.25,6183444.73,industrial,6962000
A-201812,Noerregade 133,566249.95,6253420.52,residential,16433000
A-213977,Havnegade 12,703213.64,6191877.98,residential,29696000
A-201449,Lindevej 59,701027.60,6210835.15,agricultural,34508000
A-211346,Moellevej 177,594411.51,6167509.53,residential,25828000
A-208619,Moellevej 132,513175.44,6270089.91,residential,31065000
A-206132,Bakkevej 228,667419.62,6165072.97,residential,6486000
A-207188,Aavej 41,585612.53,6214751.45,residential,32339000
A-209414,Skovvej 105,715616.34,6191115.03,public,1897000
A-202751,Toftevej 198,581739.07,6231527.71,residential,29052000
A-207884,Havnegade 6,607757.55,6127617.13,residential,37041000
A-200264,Moellevej 32,565214.48,6099604.68,residential,22534000
A-200039,Soendergade 222,490430.15,6084853.58,agricultural,24107000
A-202919,Soendergade 87,559831.72,6151205.83,residential,14827000
A-201071,Aavej 109,710452.20,6196560.71,industrial,33619000
A-200606,Noerregade 189,688171.06,6115680.97,agricultural,34236000
A-206732,Kirkevej 108,643663.89,6134493.89,public,5168000
A-209606,Strandvej 93,680298.53,6183979.14,public,15385000
A-210707,Moellevej 117,500856.17,6256442.01,residential,40702000
A-203855,Engvej 103,683249.76,6195367.07,industrial,19881000
A-207998,Vestergade 98,523344.95,6300415.43,industrial,18752000
A-209093,Soendergade 90,712431.26,6189544.21,residential,16599000
A-200870,Toftevej 165,637050.16,6172672.29,industrial,12791000
A-206696,Vestergade 107,578316.43,6109339.25,agricultural,18047000
A-203318,Birkevej 126,580408.29,6133692.12,residential,1050000
A-214820,Toftevej 10,568522.69,6154549.41,agricultural,3156000
A-203447,Lindevej 234,722336.45,6177126.44,public,13804000
A-211430,Stationsvej 123,703254.90,6203711.61,commercial,31595000
A-214667,Engvej 228,576271.05,6262174.09,public,36983000
A-210212,Lindevej 81,579553.25,6233745.65,agricultural,11598000
A-209507,Havnegade 231,726882.96,6203183.58,industrial,35699000
A-207650,Bakkevej 84,690339.79,6183132.41,commercial,25791000
A-212825,Engvej 218,726846.19,6169532.36,commercial,7130000
A-210071,Lindevej 175,660409.65,6153256.40,industrial,37176000
A-200162,Vestergade 114,679204.33,6140813.72,agricultural,25876000
A-213956,Toftevej 68,531702.66,6246463.50,residential,12683000
A-213422,Birkevej 114,703649.55,6196666.74,agricultural,31940000
A-202637,Vestergade 150,701036.09,6169845.00,industrial,38498000
A-204722,Egevej 82,530689.11,6193339.11,residential,25129000
A-209699,Egevej 178,524920.49,6086032.71,industrial,21678000
A-202715,Lindevej 44,576710.45,6238140.66,industrial,20472000
A-212087,Bakkevej 104,700837.59,6213271.47,residential,34037000
A-207206,Noerregade 222,712333.92,6190283.62,public,38678000
A-208925,Engvej 133,710904.50,6164235.53,agricultural,41389000
A-203219,Moellevej 37,576634.26,6139991.42,residential,41316000
A-210197,Engvej 17,721652.75,6185598.42,residential,41352000
A-213461,Havnegade 94,574530.66,6150640.24,public,3288000
A-213941,Havnegade 154,716965.30,6175452.22,agricultural,3561000
A-214622,Egevej 129,698077.07,6210251.25,residential,5716000
A-201932,Skovvej 38,670073.43,6194602.85,residential,6358000
A-203006,Engvej 26,490161.94,6242217.94,public,9965000
A-211292,Stationsvej 174,571155.44,6199390.08,industrial,34275000
A-213227,Kirkevej 85,534376.87,6144767.10,agricultural,15584000
A-212663,Vestergade 15,511297.05,6220264.18,residential,21413000
A-207971,Stationsvej 37,575583.32,6124456.97,residential,40155000
A-204539,Soendergade 130,707782.07,6199648.82,public,29671000
A-201440,Egevej 121,636419.31,6149633.97,industrial,38315000
A-203894,Vestergade 75,564027.47,6194254.52,agricultural,37777000
A-203621,Stationsvej 106,559391.82,6372529.15,residential,28682000
A-200816,Skovvej 55,552379.20,6366636.54,agricultural,16844000
A-209300,Egevej 73,675774.62,6136649.32,agricultural,23235000
A-212774,Vestergade 235,591228.68,6101550.56,commercial,23706000
A-202934,Aavej 202,585531.10,6257251.23,commercial,35819000
A-206072,Vestergade 99,558659.61,6221618.22,residential,34090000
A-210278,Stationsvej 167,515623.39,6193398.93,residential,21227000
A-213893,Skovvej 53,648437.80,6126558.41,residential,19462000
A-204098,Engvej 79,572423.24,6227608.61,residential,27186000
A-204152,Bakkevej 72,561540.66,6255922.88,residential,24542000
A-213689,Moellevej 171,575794.23,6125967.89,residential,1951000
A-200300,Toftevej 18,571993.74,6255314.60,residential,27493000
A-202910,Engvej 12,713133.10,6215697.24,industrial,1277000
A-205364,Vestergade 89,514447.25,6181140.05,residential,11070000
A-214835,Kirkevej 232,706681.95,6171621.12,residential,7886000
A-201713,Vestergade 139,646768.08,6129033.48,residential,41462000
A-209180,Strandvej 88,486171.38,6214313.31,commercial,14150000
A-205499,Bakkevej 216,654784.17,6153927.18,agricultural,11739000
A-208265,Soendergade 44,543280.95,6199821.17,commercial,39488000
A-202967,Havnegade 78,670868.23,6154114.30,industrial,25967000
A-210230,Bakkevej 46,563700.72,6189899.67,industrial,2140000
A-204914,Egevej 25,702204.54,6211805.28,residential,37268000
A-209558,Kirkevej 223,728911.11,6182417.01,residential,21765000
A-200267,Soendergade 30,476501.25,6225853.62,public,35381000
A-206966,Bakkevej 30,725576.07,6183883.57,industrial,37635000
A-212636,Toftevej 25,710412.93,6186742.19,public,7042000
A-206135,Skovvej 83,520714.32,6226602.61,industrial,24595000
A-213134,Lindevej 33,519768.00,6336709.21,commercial,23219000
A-201743,Engvej 179,724138.57,6190428.04,agricultural,5811000
A-205871,Noerregade 120,635292.97,6148344.82,public,37316000
A-204845,Skovvej 208,494632.30,6186011.55,commercial,29455000
A-213581,Aavej 159,615023.71,6117343.46,industrial,32796000
A-202529,Vestergade 80,531782.08,6371558.32,public,22990000
A-213554,Kirkevej 158,688065.21,6115969.60,public,28212000
A-211259,Kirkevej 173,594567.82,6339385.94,residential,10002000
A-203540,Toftevej 93,539509.13,6209356.10,residential,34557000
A-210986,Strandvej 133,572047.69,6241508.17,residential,37841000
A-212558,Lindevej 35,637020.06,6150303.49,public,7899000
A-206180,Stationsvej 228,660817.46,6138905.21,residential,10604000
A-207974,Havnegade 157,526151.60,6231799.53,industrial,22828000
A-210866,Birkevej 97,660168.38,6168573.37,public,31836000
A-208121,Kirkevej 215,537727.92,6091252.69,residential,22002000
A-205292,Skovvej 58,561283.23,6320975.94,public,39713000
A-212945,Stationsvej 171,549489.64,6240571.18,public,16401000
A-214934,Havnegade 119,688379.78,6184935.43,residential,15832000
A-210203,Soendergade 58,705635.68,6202014.89,residential,37830000
A-210704,Aavej 70,590090.59,6109184.10,industrial,26124000
A-207197,Noerregade 145,708308.20,6188420.96,public,6070000
A-210305,Strandvej 202,601737.17,6149611.07,industrial,21076000
A-214496,Moellevej 13,530231.79,6378710.60,residential,28289000
A-201776,Egevej 58,652619.38,6124776.79,industrial,2620000
A-202154,Toftevej 119,694764.23,6199842.50,residential,12369000
A-208283,Kirkevej 163,554206.58,6236271.67,residential,33514000
A-214424,Moellevej 181,552144.98,6255029.06,public,13002000
A-207407,Aavej 2,725028.59,6215519.93,residential,41968000
A-208580,Skovvej 89,726549.60,6195377.78,public,18832000
A-200792,Kirkevej 63,723396.85,6174520.01,industrial,10304000
A-205313,Strandvej 147,583515.65,6195968.87,residential,28999000
A-212810,Havnegade 26,712119.82,6196051.99,industrial,9232000
A-200165,Noerregade 207,706625.78,6203019.50,residential,32934000
A-206849,Soendergade 133,584395.37,6257518.76,residential,14185000
A-202226,Kirkevej 120,560102.56,6221003.30,agricultural,26009000
A-202040,Toftevej 205,574020.55,6213653.76,commercial,5156000
A-201827,Noerregade 84,699137.01,6192620.08,public,9889000
A-213200,Aavej 237,709786.51,6199241.90,industrial,25063000
A-211451,Bakkevej 238,692939.68,6191556.68,agricultural,17485000
A-211721,Bakkevej 49,568269.89,6221105.18,agricultural,13255000
A-203768,Moellevej 145,700798.55,6182434.18,residential,7831000
A-208688,Egevej 25,688236.61,6179836.66,residential,10147000
A-200981,Egevej 222,576333.97,6229634.67,residential,21682000
A-212135,Moellevej 59,695365.73,6168327.83,agricultural,7397000
A-201551,Noerregade 55,711954.51,6203763.30,industrial,40061000
A-207746,Skovvej 110,677071.65,6167320.85,commercial,30458000
A-210527,Skovvej 131,701086.04,6190234.93,residential,37717000
A-201725,Egevej 102,681639.30,6157774.96,residential,38765000
A-208214,Strandvej 38,550139.02,6139735.24,residential,7468000
A-205085,Noerregade 179,486211.79,6288042.23,industrial,12982000
A-214175,Strandvej 39,716559.56,6197526.73,residential,24228000
A-206654,Havnegade 212,477287.33,6141844.76,residential,23621000
A-200675,Soendergade 74,583453.12,6228099.96,public,28115000
A-205247,Engvej 220,599427.20,6097115.71,industrial,40571000
A-214883,Stationsvej 131,665815.21,6139458.82,industrial,7609000
A-211628,Birkevej 26,571004.08,6104781.30,residential,11446000
A-206789,Moellevej 112,546538.41,6212621.03,agricultural,30079000
A-209123,Soendergade 16,565461.40,6101681.29,public,41373000
A-214688,Soendergade 238,583343.29,6212257.46,residential,10485000
A-213203,Skovvej 226,516958.09,6139353.08,public,17679000
A-208820,Engvej 207,661823.58,6185785.73,commercial,10940000
A-205613,Skovvej 35,583509.28,6198564.60,industrial,32982000
A-200123,Aavej 39,698352.68,6198712.99,industrial,36728000
A-200273,Havnegade 133,538347.55,6188914.76,commercial,26307000
A-207683,Engvej 145,709604.11,6170889.87,residential,17294000
A-202682,Strandvej 231,489824.42,6143018.99,residential,19584000
A-212129,Havnegade 156,669583.70,6117631.90,industrial,2828000
A-208532,Soendergade 37,582593.95,6241082.51,residential,15502000
A-209243,Birkevej 28,524905.90,6150585.68,agricultural,6121000
A-213569,Lindevej 125,703233.16,6164687.96,agricultural,16040000
A-207176,Vestergade 8,727980.81,6188289.78,residential,11416000
A-211718,Egevej 55,551880.34,6191295.16,public,38329000
A-211535,Skovvej 90,706097.53,6193410.43,residential,2002000
A-209597,Noerregade 96,700783.59,6193136.73,agricultural,23587000
A-211529,Kirkevej 44,655312.64,6116344.77,commercial,22381000
A-213803,Egevej 129,698732.46,6198858.44,residential,1109000
A-211079,Lindevej 70,512317.53,6233834.74,industrial,972000
A-204425,Lindevej 220,561877.51,6205712.19,public,30091000
A-211607,Moellevej 225,577571.08,6231537.03,agricultural,29458000
A-214127,Egevej 11,569920.09,6198609.31,residential,9930000
A-210659,Birkevej 78,547733.22,6120125.31,residential,16281000
A-211112,Havnegade 122,727423.14,6207254.66,public,12234000
A-211361,Soendergade 105,721947.42,6170656.52,residential,36805000
A-212699,Engvej 226,590171.61,6104016.86,public,38207000
A-211991,Kirkevej 232,711677.87,6168208.09,residential,27047000
A-207356,Stationsvej 5,552490.69,6235831.93,residential,22497000
A-207590,Toftevej 196,570676.60,6120094.20,commercial,13027000
A-206534,Kirkevej 233,701452.89,6188858.50,residential,1299000
A-213275,Stationsvej 156,714769.00,6198968.34,commercial,22457000
A-209150,Bakkevej 136,494886.42,6098218.20,residential,11987000
A-211139,Skovvej 8,550058.03,6224644.53,residential,17148000
A-210740,Skovvej 214,713679.90,6185234.80,public,29320000
A-208061,Vestergade 17,504184.17,6303374.86,commercial,29540000
A-206735,Kirkevej 134,559940.53,6144046.28,commercial,5446000
A-200999,Engvej 190,706546.28,6174408.13,commercial,11871000
A-206249,Stationsvej 15,685223.15,6130095.26,commercial,13479000
A-201341,Engvej 149,528504.00,6288961.85,residential,15695000
A-206123,Skovvej 79,493974.88,6113483.13,residential,31143000
A-202730,Soendergade 55,699288.09,6186713.69,residential,4195000
A-210965,Bakkevej 96,724085.37,6200954.39,commercial,34877000
A-207311,Egevej 85,718200.96,6162908.92,commercial,35268000
A-206912,Kirkevej 183,667710.81,6127007.97,public,41457000
A-214361,Strandvej 200,690896.22,6165851.29,residential,9811000
A-202592,Aavej 43,522737.63,6146516.16,industrial,11821000
A-214196,Egevej 115,541548.29,6204529.45,commercial,28310000
A-206021,Stationsvej 141,720947.57,6208103.57,public,14881000
A-201347,Strandvej 213,699778.98,6179267.64,residential,36959000
A-206603,Birkevej 121,685354.60,6204361.47,commercial,11529000
A-203348,Soendergade 79,554372.81,6359303.66,agricultural,2808000
A-213158,Noerregade 86,703035.51,6168595.84,residential,26181000
A-210749,Egevej 57,611755.81,6117513.77,industrial,2773000
A-200573,Engvej 116,719895.20,6207765.24,public,5336000
A-204053,Toftevej 53,703178.58,6210618.59,industrial,11962000
A-214028,Stationsvej 175,699530.55,6162339.69,commercial,21665000
A-213575,Bakkevej 198,549482.57,6258164.97,industrial,14914000
A-205277,Noerregade 34,580208.60,6205166.09,residential,35503000
A-203765,Aavej 83,589154.00,6346703.51,residential,9196000
A-202697,Skovvej 135,542474.96,6268201.46,residential,19830000
A-214472,Birkevej 40,701138.64,6144081.94,public,41050000
A-200774,Vestergade 207,580466.71,6226620.28,agricultural,41042000
A-210983,Moellevej 103,584393.16,6202063.90,public,18705000
A-210059,Bakkevej 214,488767.43,6252481.57,industrial,39369000
A-208379,Havnegade 103,592085.58,6107459.02,public,39992000
A-203756,Bakkevej 152,581840.09,6250701.44,residential,21372000
A-206189,Stationsvej 161,653971.97,6116753.90,residential,35492000
A-211049,Engvej 149,718214.13,6180062.10,agricultural,33246000
A-207116,Birkevej 202,541681.29,6204436.14,residential,34151000
A-212519,Aavej 53,544312.54,6208714.50,residential,30655000
A-203000,Skovvej 145,593183.66,6146640.61,residential,31558000
A-202184,Egevej 183,586812.73,6141479.38,residential,6860000
A-204005,Havnegade 79,703203.56,6164077.97,commercial,4881000
A-210587,Lindevej 180,698669.08,6204057.84,residential,37265000
A-200303,Lindevej 13,494603.83,6192683.86,commercial,33392000
A-202274,Soendergade 4,712290.05,6209929.47,industrial,39654000
A-204821,Strandvej 200,550243.62,6261545.38,agricultural,5788000
A-206774,Noerregade 204,484586.94,6260805.92,public,7155000
A-205229,Toftevej 38,531246.42,6161795.54,public,17057000
A-203714,Soendergade 164,720825.73,6184368.91,public,41569000
A-214400,Havnegade 117,662939.38,6137587.11,agricultural,23473000
A-211676,Aavej 41,528971.57,6305340.38,commercial,26797000
A-203678,Lindevej 170,673145.48,6122708.08,public,25520000
A-203687,Egevej 131,568475.37,6257392.51,residential,2446000
A-210245,Moellevej 12,648005.28,6166497.81,industrial,39031000
A-213923,Birkevej 60,718080.63,6176294.95,public,11719000
A-205937,Strandvej 175,688376.13,6136626.41,industrial,37998000
A-202853,Toftevej 217,570417.00,6237832.82,industrial,32089000
A-203336,Engvej 35,519429.13,6290599.44,industrial,21514000
A-203387,Aavej 114,528415.20,6192946.07,commercial,35285000
A-200540,Engvej 126,564320.87,6255356.12,commercial,39934000
A-208043,Kirkevej 125,528839.86,6179701.90,public,5279000
A-211643,Stationsvej 160,722909.07,6178464.82,agricultural,17077000
A-209816,Soendergade 233,491204.99,6257669.22,public,14681000
A-208334,Bakkevej 73,603607.31,6128229.34,residential,2144000
A-209045,Lindevej 2,725779.17,6214387.55,public,10143000
A-205220,Strandvej 148,644735.12,6150972.58,commercial,34516000
A-200744,Havnegade 30,725313.30,6163332.62,residential,36953000
A-209621,Bakkevej 117,727076.57,6214750.60,industrial,32982000
A-214679,Havnegade 130,713226.01,6178863.94,residential,9439000
A-210185,Bakkevej 71,604074.82,6125270.25,commercial,27006000
A-205124,Stationsvej 217,492709.52,6230447.28,residential,32218000
A-201854,Moellevej 71,676426.85,6140206.56,residential,27931000
A-204221,Noerregade 179,559801.62,6148023.23,residential,15129000
A-203906,Stationsvej 173,675350.33,6158362.99,residential,7067000
A-211742,Noerregade 156,598415.11,6125044.59,public,41375000
A-211136,Skovvej 115,561115.58,6214350.45,industrial,38895000
A-208871,Vestergade 152,562118.69,6265356.68,commercial,29527000
A-211196,Noerregade 184,725519.86,6181049.56,public,27001000
A-205181,Bakkevej 130,573925.14,6242486.14,industrial,17633000
A-203027,Birkevej 181,716433.15,6190233.77,agricultural,17479000
A-201938,Stationsvej 10,536331.28,6298788.22,public,17204000
A-204917,Skovvej 173,595702.27,6371223.61,residential,27359000
A-206165,Noerregade 84,599618.47,6102916.79,commercial,32429000
A-209927,Birkevej 75,720583.18,6213143.13,agricultural,15131000
A-204581,Moellevej 240,523733.68,6090681.54,residential,560000
A-213473,Engvej 116,502693.73,6207681.78,commercial,6665000
A-204341,Engvej 123,559312.25,6373490.42,commercial,39390000
A-212759,Skovvej 216,566266.68,6201104.09,residential,24220000
A-207014,Soendergade 80,699134.72,6214772.00,commercial,18779000
A-204347,Noerregade 173,515335.36,6115034.90,residential,18433000
A-203321,Egevej 1,568903.54,6161984.68,public,8156000
A-208304,Engvej 130,570255.95,6120094.98,residential,31919000
A-205274,Stationsvej 15,540847.47,6266961.12,residential,13849000
A-205643,Birkevej 148,580794.03,6228990.57,public,5237000
A-209426,Kirkevej 25,492561.57,6273366.49,residential,2375000
A-200117,Toftevej 76,563664.75,6331407.17,commercial,17037000
A-209147,Aavej 40,685485.90,6202316.29,residential,26198000
A-201029,Kirkevej 129,681655.20,6192786.05,residential,3359000
A-214931,Lindevej 17,724568.85,6177688.23,public,7025000
A-206903,Kirkevej 27,700343.18,6190257.36,residential,5853000
A-209624,Lindevej 112,584959.55,6225848.37,residential,38511000
A-200828,Engvej 207,583126.77,6353493.86,commercial,18160000
A-200783,Aavej 114,519459.46,6314808.33,residential,17331000
A-208763,Moellevej 149,575754.50,6206683.06,commercial,37715000
A-213935,Stationsvej 208,566142.45,6251107.62,commercial,30242000
A-214394,Birkevej 133,514230.79,6162118.54,industrial,14765000
A-208220,Strandvej 2,698145.18,6190353.08,residential,36721000
A-210770,Soendergade 28,539180.72,6294126.92,industrial,3700000
A-204692,Lindevej 58,541632.84,6271835.44,agricultural,4018000
A-204641,Kirkevej 181,699283.97,6172061.29,residential,10791000
A-208226,Skovvej 148,544424.97,6240888.78,residential,34623000
A-200888,Stationsvej 157,716955.24,6187674.00,residential,39606000
A-201194,Kirkevej 35,677324.49,6163491.67,public,24860000
A-201179,Aavej 155,646374.96,6114753.76,residential,16790000
A-206045,Engvej 82,698549.54,6214907.66,residential,1053000
A-201188,Bakkevej 8,703888.46,6180501.06,residential,3456000
A-200798,Kirkevej 217,515379.73,6325311.62,public,31858000
A-206528,Stationsvej 115,479686.24,6259287.82,industrial,10320000
A-206288,Havnegade 146,552326.63,6236179.53,residential,19121000
A-210623,Aavej 78,483628.32,6294243.94,commercial,9736000
A-201455,Birkevej 86,686372.54,6169066.90,residential,24288000
A-200351,Noerregade 76,571049.00,6266958.98,residential,7871000
A-203705,Bakkevej 227,562250.86,6138049.57,residential,21250000
A-202439,Lindevej 149,723739.61,6211518.15,industrial,34205000
A-214487,Soendergade 101,562117.00,6249846.96,commercial,29980000
A-209738,Lindevej 34,705144.65,6203802.03,commercial,27764000
A-204320,Kirkevej 114,719665.55,6212449.91,commercial,40178000
A-206246,Skovvej 131,491498.09,6101005.01,residential,24283000
A-207257,Engvej 14,518153.30,6278539.15,public,27840000
A-210104,Kirkevej 109,655637.02,6119550.58,residential,15356000
A-214880,Aavej 85,494971.27,6277361.10,residential,4565000
A-211322,Aavej 89,563793.01,6323438.66,commercial,33385000
A-203159,Soendergade 138,488055.67,6293383.33,industrial,24154000
A-203699,Moellevej 61,712035.88,6213893.07,residential,12006000
A-214598,Egevej 93,571092.73,6152802.19,residential,37139000
A-201419,Aavej 33,556594.30,6316867.18,residential,35100000
A-209594,Stationsvej 189,665702.94,6134578.06,residential,28450000
A-207467,Egevej 13,575371.76,6120893.10,residential,36225000
A-214058,Vestergade 194,719039.23,6191310.54,residential,3620000
A-202271,Bakkevej 124,550087.86,6145337.06,agricultural,19032000
A-214187,Strandvej 125,539622.04,6210288.95,residential,10437000
A-204359,Bakkevej 103,561259.74,6235109.55,commercial,24040000
A-213644,Strandvej 23,546524.99,6378705.98,industrial,21747000
A-204155,Kirkevej 39,711078.97,6179603.40,residential,24105000
A-213170,Aavej 76,668933.65,6156216.74,industrial,41849000
A-209216,Lindevej 120,726237.41,6191594.42,residential,4031000
A-202217,Havnegade 28,651243.92,6185485.13,agricultural,3870000
A-201764,Egevej 16,649798.83,6135593.30,agricultural,8341000
A-213359,Strandvej 187,563437.12,6243847.46,industrial,33009000
A-203912,Skovvej 36,701706.29,6181611.19,commercial,41787000
A-212873,Moellevej 200,569872.87,6255499.45,industrial,37142000
A-208586,Kirkevej 148,725566.88,6217300.87,public,22230000
A-208994,Strandvej 211,561231.27,6211310.30,public,23642000
A-209081,Aavej 43,570363.36,6240050.08,residential,30969000
A-201557,Havnegade 233,514641.51,6286512.02,public,22958000
A-200477,Birkevej 162,710043.20,6199453.74,agricultural,40067000
A-200846,Kirkevej 131,531264.23,6285270.42,residential,25837000
A-205907,Noerregade 53,516027.28,6199494.61,residential,4965000
A-201254,Egevej 178,553868.86,6144840.69,residential,5911000
A-209948,Soendergade 180,716823.93,6217000.52,residential,12195000
A-200033,Egevej 90,537225.54,6235223.59,commercial,32731000
A-210194,Vestergade 41,720057.90,6193992.57,commercial,5086000
A-210143,Noerregade 73,574269.20,6311076.76,residential,33315000
A-210575,Kirkevej 102,639243.02,6188580.51,agricultural,9340000
A-200003,Vestergade 149,701574.87,6182937.87,public,19196000
A-204473,Stationsvej 112,512118.29,6078766.71,residential,11393000
A-207449,Vestergade 22,525540.87,6092563.68,industrial,35053000
A-202901,Bakkevej 146,567708.57,6154298.75,commercial,41098000
A-205385,Engvej 209,709429.98,6176914.79,residential,2807000
A-214736,Toftevej 151,712883.14,6174587.64,commercial,6063000
A-214544,Aavej 58,578471.53,6130586.87,residential,17352000
A-203291,Lindevej 222,718311.08,6170160.53,residential,1776000
A-203168,Toftevej 193,719895.58,6187849.29,commercial,17495000
A-208040,Strandvej 6,651338.74,6199360.61,agricultural,41222000
A-200819,Bakkevej 170,525171.37,6295798.94,commercial,7015000
A-200384,Lindevej 5,708969.46,6196946.28,commercial,32629000
A-207362,Soendergade 70,570289.61,6149523.53,agricultural,9825000
A-203744,Havnegade 18,719480.07,6168714.07,agricultural,41596000
A-203675,Engvej 218,544378.16,6221027.63,residential,37994000
A-204944,Birkevej 238,578744.64,6224255.96,residential,21248000
A-207077,Toftevej 150,501654.77,6190130.55,residential,33065000
A-205352,Soendergade 194,556037.10,6329775.16,agricultural,41488000
A-201731,Stationsvej 147,665252.36,6124797.11,industrial,2733000
A-212978,Strandvej 235,532081.20,6287638.09,agricultural,19465000
A-207770,Soendergade 98,573831.02,6154960.02,industrial,36208000
A-211598,Aavej 1,709857.00,6165969.73,industrial,6612000
A-207572,Havnegade 151,709105.39,6176547.96,commercial,38388000
A-212606,Toftevej 189,551012.80,6254229.41,commercial,23634000
A-214436,Engvej 78,499563.75,6179867.32,commercial,23373000
A-214292,Stationsvej 18,707198.48,6195527.61,residential,40417000
A-211250,Aavej 194,521633.21,6203680.28,residential,8989000
A-213821,Engvej 162,697857.68,6193625.63,residential,12408000
A-213356,Stationsvej 139,608291.32,6151462.86,residential,22213000
A-200408,Egevej 215,725266.58,6205033.74,residential,31234000
A-202061,Moellevej 91,481983.79,6247152.90,residential,26300000
A-202097,Strandvej 77,702048.54,6164306.55,agricultural,30029000
A-212348,Noerregade 164,599903.57,6124670.99,public,27106000
A-210698,Soendergade 233,705241.05,6185107.48,residential,1885000
A-213449,Vestergade 31,723792.68,6216543.12,industrial,22737000
A-201920,Lindevej 168,551169.09,6122223.43,residential,14453000
A-203132,Stationsvej 60,669496.50,6186805.17,public,27290000
A-213818,Engvej 108,566960.71,6200845.43,residential,17595000
A-212780,Egevej 83,593694.56,6123740.86,residential,29480000
A-213005,Bakkevej 228,519122.05,6180681.24,residential,34630000
A-213218,Engvej 51,505097.48,6185471.01,agricultural,22031000
A-206648,Birkevej 203,557693.83,6260563.05,commercial,25226000
A-210233,Egevej 130,705078.88,6186663.87,commercial,31308000
A-202835,Strandvej 15,591699.43,6099830.79,residential,15547000
A-209360,Toftevej 120,715797.04,6209154.22,public,36059000
A-209894,Aavej 58,727988.39,6178325.63,industrial,27903000
A-200294,Strandvej 2,726763.27,6192253.67,commercial,4506000
A-210668,Aavej 9,673958.55,6144368.72,public,38782000
A-209546,Moellevej 111,720618.60,6214672.44,residential,41487000
A-203264,Moellevej 61,707354.14,6171185.10,agricultural,18639000
A-200528,Toftevej 108,530547.61,6284018.03,agricultural,31606000
A-211682,Vestergade 195,698496.86,6184210.28,residential,7830000
A-200195,Egevej 148,706591.98,6174640.24,agricultural,39743000
A-202856,Kirkevej 222,664318.10,6180754.90,agricultural,37092000
A-214343,Skovvej 116,487115.23,6140894.47,commercial,2832000
A-203045,Egevej 220,702095.78,6194223.07,residential,2813000
A-211922,Lindevej 125,525591.71,6279826.89,residential,41706000
A-205634,Lindevej 79,709702.35,6190889.30,agricultural,30874000
A-208508,Stationsvej 148,552034.40,6243609.85,residential,24530000
A-213875,Bakkevej 35,493953.46,6234038.75,residential,14392000
A-204023,Noerregade 139,514776.79,6142199.63,residential,13549000
A-201497,Strandvej 240,544352.16,6241722.38,residential,18346000
A-202595,Vestergade 20,718877.50,6175109.31,agricultural,23501000
A-208079,Toftevej 115,683352.06,6156790.20,commercial,8557000
A-214052,Skovvej 97,583932.39,6112588.53,public,8958000
A-214784,Toftevej 228,549127.71,6208333.06,industrial,19916000
A-205940,Lindevej 152,725936.84,6167929.97,residential,39254000
A-200945,Vestergade 5,546672.85,6199771.98,industrial,28447000
A-207878,Stationsvej 134,530459.88,6203039.80,commercial,36284000
A-202757,Kirkevej 40,718981.46,6182296.77,agricultural,21144000
A-206114,Noerregade 197,646493.05,6181958.24,agricultural,12401000
A-208952,Aavej 1,552928.40,6142478.89,public,7595000
A-212267,Skovvej 134,514174.79,6193500.69,residential,17996000
A-211040,Skovvej 31,587302.37,6197974.09,residential,41714000
A-211559,Soendergade 236,541122.01,6238253.53,industrial,40110000
A-206471,Stationsvej 11,711830.31,6180164.55,public,2406000
A-208775,Engvej 27,640542.11,6135026.19,residential,13313000
A-208145,Bakkevej 158,698408.47,6198733.61,residential,5304000
A-203594,Kirkevej 29,717586.56,6213386.98,commercial,27121000
A-211415,Kirkevej 78,579637.75,6225798.90,residential,22173000
A-202151,Lindevej 136,573724.67,6247668.19,residential,9182000
A-203066,Soendergade 56,562420.61,6210124.45,industrial,12908000
A-210464,Moellevej 132,573324.36,6265778.22,public,17042000
A-201722,Birkevej 146,475788.19,6246882.74,agricultural,25966000
A-208652,Lindevej 179,662200.65,6174268.95,residential,36942000
A-209354,Birkevej 217,700979.84,6190403.71,public,13928000
A-201149,Stationsvej 166,712987.63,6184876.23,residential,31941000
A-212399,Vestergade 136,555383.32,6101311.64,agricultural,12369000
A-212726,Moellevej 168,713933.85,6175815.04,commercial,24272000
A-208442,Moellevej 111,559269.60,6146878.67,residential,6227000
A-205076,Soendergade 158,669350.14,6123526.27,agricultural,37638000
A-201059,Kirkevej 93,721910.89,6169061.25,residential,21802000
A-206009,Engvej 56,656195.00,6155150.34,residential,26717000
A-211145,Birkevej 141,561789.85,6248836.31,public,3606000
A-206756,Skovvej 224,722165.71,6162093.57,agricultural,38664000
A-200873,Noerregade 228,685465.20,6119334.22,public,12163000
A-202019,Noerregade 16,550422.67,6252022.12,public,35246000
A-203672,Kirkevej 143,691654.00,6155364.63,industrial,38304000
A-203324,Lindevej 234,638539.10,6129248.89,agricultural,12391000
A-204941,Vestergade 114,550162.58,6197262.88,public,38812000
A-211418,Toftevej 72,703593.56,6214260.92,commercial,6456000
A-204647,Kirkevej 45,561265.02,6239305.18,commercial,34222000
A-207611,Egevej 124,580839.61,6144646.07,residential,1676000
A-204794,Stationsvej 99,723844.10,6214673.53,industrial,34246000
A-202373,Noerregade 191,658785.06,6139268.17,industrial,29755000
A-203135,Aavej 170,571868.17,6262363.33,residential,25389000
A-204020,Bakkevej 100,544497.43,6235269.21,agricultural,36973000
A-214433,Havnegade 88,584538.68,6151278.25,agricultural,1648000
A-209438,Soendergade 156,581636.82,6108248.47,public,28915000
A-209999,Bakkevej 100,724082.22,6171583.28,public,10462000
A-202196,Bakkevej 194,664435.73,6123908.74,residential,8709000
A-202661,Noerregade 240,508507.87,6149425.40,residential,24062000
A-201875,Stationsvej 219,722675.26,6178582.95,commercial,26175000
A-211046,Strandvej 131,586839.12,6348111.61,industrial,24805000
A-208355,Havnegade 56,635061.41,6162702.90,agricultural,22337000
A-205493,Aavej 221,727759.92,6178480.79,public,16475000
A-209747,Bakkevej 125,600174.69,6162277.08,commercial,34253000
A-214067,Soendergade 67,668568.30,6188708.78,residential,21485000
A-205844,Toftevej 122,662040.82,6155320.99,residential,32411000
A-214373,Lindevej 30,554327.55,6140080.14,residential,35157000
A-208724,Birkevej 61,475496.29,6189413.32,commercial,15641000
A-209273,Vestergade 21,711615.26,6199068.12,agricultural,6743000
A-212804,Bakkevej 220,583889.45,6164813.94,industrial,30808000
A-204812,Lindevej 152,550995.99,6228211.11,residential,37707000
A-214061,Engvej 127,585748.90,6221998.21,residential,38755000
A-211166,Toftevej 25,518274.15,6272522.66,industrial,41387000
A-202289,Engvej 68,585610.12,6222662.15,industrial,23572000
A-201275,Engvej 141,517118.93,6133217.86,public,10039000
A-208691,Birkevej 76,539700.98,6363433.95,public,3290000
A-209990,Strandvej 20,561433.22,6166932.92,residential,19368000
A-204458,Egevej 236,479760.98,6196128.45,residential,7153000
A-209114,Engvej 63,584282.05,6200307.06,commercial,12492000
A-208178,Birkevej 21,720366.12,6210096.91,commercial,3459000
A-206954,Lindevej 219,491791.67,6234197.22,commercial,8693000
A-205562,Engvej 166,551914.66,6259394.91,industrial,6330000
A-203114,Lindevej 175,507865.06,6233803.25,public,13974000
A-210368,Birkevej 157,539719.12,6217231.50,residential,15628000
A-205757,Kirkevej 70,520162.05,6132045.68,public,22194000
A-201986,Egevej 153,640094.19,6155426.24,agricultural,33295000
A-207089,Egevej 57,508300.15,6230184.41,agricultural,25678000
A-205772,Kirkevej 65,651205.78,6166356.78,agricultural,18218000
A-212030,Skovvej 115,668001.43,6183565.16,industrial,36380000
A-209774,Stationsvej 80,573128.74,6214186.81,agricultural,10816000
A-210437,Toftevej 1,481935.04,6128752.88,agricultural,12375000
A-202058,Moellevej 19,569018.40,6126692.08,industrial,38922000
A-212840,Kirkevej 84,699103.59,6162178.23,public,37210000
A-200801,Bakkevej 156,526244.83,6332518.72,public,40408000
A-212297,Birkevej 196,702137.97,6171269.39,residential,19789000
A-207701,Lindevej 27,541990.73,6264966.82,residential,13361000
A-203396,Aavej 181,539473.36,6250721.32,industrial,2780000
A-208880,Stationsvej 64,657373.29,6178027.77,industrial,912000
A-211031,Soendergade 68,476564.13,6302718.21,residential,37261000
A-205487,Engvej 205,566497.93,6264345.87,industrial,32404000
A-214391,Lindevej 186,512864.87,6357144.39,residential,4818000
A-214019,Bakkevej 129,721568.95,6196622.46,public,4859000
A-200114,Engvej 130,640682.06,6151453.54,residential,33921000
A-202607,Skovvej 71,706266.14,6182951.87,industrial,2359000
A-203111,Toftevej 178,702557.81,6174963.95,residential,15122000
A-207446,Kirkevej 228,722325.06,6181800.19,residential,39819000
A-202334,Engvej 160,701157.01,6199053.54,residential,12825000
A-202868,Strandvej 86,557436.08,6211225.95,public,41442000
A-200822,Stationsvej 230,697573.76,6180575.66,agricultural,37703000
A-210044,Bakkevej 220,651142.79,6166684.12,commercial,38971000
A-202247,Skovvej 53,518368.05,6263641.16,industrial,13557000
A-205595,Egevej 183,565822.66,6192549.12,residential,25424000
A-207983,Engvej 158,703164.96,6152439.87,industrial,32579000
A-204074,Egevej 28,579381.06,6209270.10,commercial,32811000
A-212546,Soendergade 199,701061.05,6172453.89,commercial,15075000
A-210950,Noerregade 234,484533.45,6253236.81,residential,4655000
A-214712,Aavej 25,703298.19,6210530.29,agricultural,14255000
A-214154,Noerregade 217,561833.11,6194457.81,industrial,36989000
A-212162,Aavej 57,719269.02,6183866.67,residential,41173000
A-213401,Stationsvej 231,661421.49,6125444.55,residential,23480000
A-214541,Strandvej 89,526243.71,6194776.57,residential,29648000
A-212195,Toftevej 112,481247.76,6160409.75,residential,7464000
A-204365,Aavej 157,555684.82,6237675.78,agricultural,8626000
A-202010,Birkevej 149,698023.17,6208277.29,residential,19130000
A-206828,Vestergade 53,697708.03,6159230.57,residential,27332000
A-207950,Kirkevej 213,487461.76,6291052.82,public,35464000
A-202898,Toftevej 222,702720.22,6170519.95,public,37336000
A-201464,Engvej 182,551586.12,6147083.97,industrial,5656000
A-204575,Aavej 1,720782.61,6169887.50,commercial,38733000
A-200276,Kirkevej 67,557338.67,6130398.81,industrial,23995000
A-202688,Soendergade 68,702449.53,6203355.51,public,30343000
A-214742,Lindevej 202,676967.42,6174261.80,public,34253000
A-211688,Egevej 209,551338.59,6271258.22,residential,10340000
A-207593,Aavej 119,561660.27,6265020.55,agricultural,28415000
A-200258,Vestergade 30,718294.47,6199025.36,public,9588000
A-204395,Egevej 205,713867.51,6203776.30,commercial,12512000
A-209132,Toftevej 152,570371.62,6257500.29,agricultural,20066000
A-214958,Havnegade 91,708749.51,6180116.83,residential,1253000
A-207755,Moellevej 120,716613.28,6186409.58,residential,39180000
A-213938,Soendergade 2,601230.88,6103158.73,industrial,5893000
A-200435,Havnegade 6,569692.45,6100722.15,public,17091000
A-204716,Noerregade 85,598287.54,6166297.66,residential,22682000
A-210164,Soendergade 74,585099.61,6137127.02,industrial,34821000
A-201473,Egevej 78,692883.95,6196584.92,commercial,4695000
A-204125,Moellevej 13,698487.51,6199188.80,residential,41366000
A-208427,Soendergade 185,715210.28,6212531.88,agricultural,17701000
A-209486,Vestergade 113,533477.53,6118335.66,public,4456000
A-206003,Bakkevej 3,525204.12,6178587.55,residential,38685000
A-204443,Aavej 162,545306.05,6223048.82,commercial,17687000
A-213077,Skovvej 5,634072.47,6143724.18,commercial,31583000
A-200537,Aavej 24,718298.31,6182367.33,public,26891000
A-201065,Toftevej 5,565926.38,6272953.37,commercial,1535000
A-208769,Egevej 174,519859.36,6331807.00,residential,35213000
A-200081,Engvej 32,703911.16,6195950.64,residential,20001000
A-205580,Kirkevej 115,708789.31,6189911.43,residential,40177000
A-210743,Soendergade 137,578969.72,6224449.85,agricultural,34164000
A-213779,Egevej 218,705879.83,6187654.34,residential,11818000
A-200198,Havnegade 225,700217.83,6212677.58,residential,3395000
A-201128,Stationsvej 143,530107.89,6217389.59,industrial,23114000
A-205343,Strandvej 60,717711.36,6195716.08,commercial,17768000
A-202775,Lindevej 73,722733.47,6203039.83,commercial,18365000
A-202145,Moellevej 191,716972.18,6171720.33,industrial,39429000
A-211919,Noerregade 101,586540.88,6238381.53,residential,15136000
A-213302,Stationsvej 179,503456.28,6302547.83,industrial,28203000
A-213911,Lindevej 172,498136.31,6270877.05,industrial,21686000
A-201110,Vestergade 128,490694.03,6125372.91,industrial,4645000
A-204029,Engvej 127,586158.62,6150830.07,agricultural,21339000
A-205691,Aavej 48,596350.01,6160601.96,residential,13417000
A-211367,Aavej 106,480462.75,6248318.80,residential,23550000
A-209255,Havnegade 79,605334.04,6158511.08,agricultural,6128000
A-204434,Strandvej 182,656320.55,6152038.40,residential,11359000
A-203720,Bakkevej 137,727884.15,6180156.04,residential,24671000
A-205664,Birkevej 75,524767.69,6240814.31,agricultural,8618000
A-211526,Kirkevej 100,556474.61,6197145.39,residential,33654000
A-208343,Engvej 60,698113.73,6128950.23,residential,14459000
A-202823,Strandvej 130,570404.24,6323644.47,commercial,24395000
A-213902,Skovvej 225,578881.00,6236128.61,commercial,35443000
A-214757,Kirkevej 177,698780.41,6183498.80,commercial,4781000
A-212405,Moellevej 158,550132.21,6088987.50,industrial,40428000
A-210647,Moellevej 6,515016.92,6284624.83,industrial,23515000
A-201467,Lindevej 68,669395.17,6168191.14,commercial,34224000
A-202304,Soendergade 27,557697.38,6215084.40,residential,3316000
A-209474,Moellevej 119,583395.97,6204254.83,agricultural,24132000
A-214925,Moellevej 26,713181.03,6177950.41,residential,18251000
A-201692,Skovvej 100,506131.56,6254346.92,agricultural,39209000
A-211475,Stationsvej 65,563649.58,6239171.98,residential,29116000
A-212927,Aavej 175,634092.52,6181663.88,agricultural,39713000
A-200597,Bakkevej 194,701069.63,6162907.34,commercial,24419000
A-214673,Engvej 20,546608.34,6212785.94,residential,3517000
A-213014,Soendergade 11,694950.39,6158335.89,industrial,4560000
A-213425,Lindevej 238,579113.50,6200676.53,public,27161000
A-204083,Moellevej 41,647735.76,6135709.57,residential,30162000
A-208244,Kirkevej 47,633042.37,6183121.80,industrial,2506000
A-213764,Kirkevej 148,584353.24,6216412.53,public,15680000
A-211463,Aavej 74,594383.04,6360519.55,commercial,36504000
A-206261,Havnegade 95,573130.32,6367803.26,residential,23928000
A-206783,Engvej 60,582913.17,6202990.65,residential,14578000
A-214565,Birkevej 162,567391.23,6256270.39,agricultural,16638000
A-205973,Kirkevej 151,561704.44,6127534.57,public,17290000
A-213944,Engvej 161,701979.66,6201508.52,agricultural,36620000
A-203525,Stationsvej 182,720656.18,6197688.64,residential,10157000
A-204797,Aavej 139,604641.88,6155910.49,commercial,4720000
A-201155,Kirkevej 23,555535.32,6248602.34,agricultural,38377000
A-210032,Noerregade 102,725349.79,6163856.63,residential,16333000
A-201911,Birkevej 33,678628.03,6198861.79,commercial,6183000
A-205322,Skovvej 92,685154.95,6122071.51,residential,2695000
A-207272,Moellevej 103,522750.17,6248163.68,agricultural,39747000
A-212273,Vestergade 207,555661.77,6259392.28,residential,6812000
A-207209,Strandvej 101,711966.12,6182819.22,industrial,29096000
A-208664,Bakkevej 111,514184.07,6230295.52,residential,33522000
A-208469,Vestergade 165,709813.45,6197988.00,residential,35745000
A-200810,Engvej 41,517240.11,6320545.49,commercial,40559000
A-209573,Birkevej 118,633487.66,6130497.95,industrial,10024000
A-204254,Bakkevej 197,699642.92,6192219.88,residential,23231000
A-214301,Soendergade 8,726661.99,6163165.91,residential,27629000
A-204476,Birkevej 203,715414.86,6190392.81,residential,22708000
A-201560,Skovvej 89,718599.33,6199848.78,public,6633000
A-204746,Havnegade 158,581886.69,6246897.05,agricultural,30591000
A-210569,Skovvej 141,717024.43,6194381.08,agricultural,4753000
A-207452,Noerregade 180,713472.04,6179088.89,residential,22827000
A-209798,Stationsvej 117,599940.19,6131921.11,residential,8432000
A-201836,Egevej 234,713736.52,6180441.52,agricultural,25864000
A-209135,Lindevej 58,717975.50,6188068.10,industrial,16596000
A-208298,Engvej 28,717472.14,6188415.17,residential,20245000
A-211982,Aavej 48,570514.60,6211560.65,industrial,19513000
A-203120,Moellevej 2,720784.55,6176826.37,commercial,35144000
A-209108,Engvej 195,500182.57,6290946.37,commercial,12151000
A-210857,Strandvej 107,705013.22,6176282.89,public,29127000
A-203951,Engvej 102,650288.60,6191850.97,agricultural,18397000
A-211703,Stationsvej 131,724247.15,6199239.13,agricultural,28570000
A-209648,Stationsvej 57,712196.19,6168159.37,residential,32891000
A-203879,Aavej 190,473449.12,6140031.96,agricultural,13892000
A-200609,Toftevej 169,485447.86,6276235.56,industrial,4819000
A-214169,Birkevej 221,598319.72,6122152.77,industrial,27714000
A-213530,Engvej 111,521391.44,6231610.43,residential,27661000
A-213230,Aavej 82,700123.42,6175544.59,commercial,9530000
A-212498,Stationsvej 97,711642.26,6174430.17,residential,7116000
A-210728,Moellevej 66,480371.54,6082640.93,industrial,14435000
A-208100,Skovvej 121,530340.65,6331769.53,residential,33922000
A-209435,Strandvej 233,683611.86,6170632.33,residential,17424000
A-201362,Lindevej 229,555623.85,6153178.77,industrial,36075000
A-212246,Moellevej 9,549752.68,6195750.07,residential,33949000
A-210224,Bakkevej 43,718400.45,6163322.35,residential,13873000
A-214643,Noerregade 158,713399.30,6200282.62,industrial,8183000
A-203012,Engvej 168,557001.70,6205793.28,commercial,25255000
A-213548,Egevej 233,610701.10,6117158.29,residential,6108000
A-212627,Toftevej 196,718428.55,6189559.80,agricultural,26158000
A-203189,Havnegade 219,704408.70,6178412.56,residential,38286000
A-205373,Bakkevej 75,587623.55,6161472.57,commercial,35560000
A-209669,Bakkevej 29,573921.09,6270870.48,residential,13408000
A-207545,Birkevej 52,703162.45,6207757.75,agricultural,26988000
A-201365,Aavej 177,544243.00,6311878.12,residential,39610000
A-201104,Bakkevej 53,720902.15,6168481.39,commercial,24649000
A-207416,Kirkevej 71,710020.85,6174856.44,industrial,1878000
A-201338,Noerregade 6,492487.60,6293778.10,residential,24170000
A-206813,Bakkevej 54,558373.51,6325120.12,public,16430000
A-201785,Skovvej 134,716369.44,6213196.30,residential,2958000
A-211097,Soendergade 219,719611.13,6163641.55,residential,34734000
A-212240,Birkevej 41,712838.93,6216158.70,residential,10062000
A-205604,Havnegade 176,672585.19,6119854.07,agricultural,30452000
A-201707,Egevej 171,720311.19,6174812.59,agricultural,16645000
A-202328,Engvej 63,551512.47,6252942.64,industrial,9796000
A-204527,Aavej 230,714078.11,6181259.90,public,37199000
A-201209,Bakkevej 154,572070.31,6225178.71,residential,36487000
A-214874,Toftevej 94,723773.83,6201876.30,residential,33426000
A-206213,Engvej 202,699391.86,6130413.74,public,27680000
A-204998,Soendergade 161,548302.71,6101336.33,residential,1295000
A-207737,Birkevej 30,560802.12,6364257.53,commercial,35877000
A-207410,Bakkevej 235,708409.34,6210393.05,commercial,33996000
A-212813,Soendergade 223,715510.83,6211397.95,public,21731000
A-214109,Skovvej 19,697995.13,6144477.76,residential,4881000
A-203438,Kirkevej 115,582399.22,6152506.33,agricultural,31868000
A-200213,Birkevej 78,504904.28,6179046.10,residential,36554000
A-214112,Skovvej 96,703333.10,6213150.22,agricultural,17319000
A-204782,Lindevej 120,578334.81,6136746.75,residential,25740000
A-200210,Birkevej 141,633033.28,6144722.13,public,40153000
A-208811,Toftevej 157,707850.63,6171876.39,residential,14508000
A-200879,Egevej 221,501830.59,6082127.73,residential,41268000
A-212123,Lindevej 47,726453.01,6164607.01,residential,18228000
A-207899,Stationsvej 78,478844.89,6113819.14,residential,17044000
A-203270,Egevej 2,534873.57,6235948.61,agricultural,13869000
A-201500,Skovvej 15,555168.59,6146923.86,agricultural,32227000
A-206102,Toftevej 47,532925.69,6366454.74,commercial,34870000
A-201533,Skovvej 59,661323.36,6185707.06,residential,15775000
A-208250,Soendergade 146,683317.53,6182035.04,agricultural,32838000
A-211523,Engvej 31,604921.31,6153502.49,residential,33302000
A-207386,Bakkevej 214,709936.93,6190420.02,industrial,17456000
A-207815,Vestergade 144,722882.20,6187902.21,public,19808000
A-207569,Noerregade 11,667370.00,6157608.98,public,19104000
A-204239,Bakkevej 48,518378.63,6366939.48,agricultural,7042000
A-200897,Lindevej 25,559674.12,6258035.71,residential,12094000
A-202160,Skovvej 209,571271.72,6193556.05,industrial,18202000
A-205895,Skovvej 237,650537.93,6149365.10,residential,12462000
A-214145,Moellevej 4,706445.85,6189245.99,agricultural,22972000
A-203267,Lindevej 182,696151.09,6138582.17,commercial,22558000
A-213029,Strandvej 97,532857.11,6084402.86,residential,32650000
A-207620,Strandvej 140,707298.42,6169503.36,residential,7599000
A-209285,Vestergade 126,703129.14,6209819.02,residential,28989000
A-206750,Egevej 61,642872.21,6138992.57,agricultural,18665000
A-202280,Toftevej 158,713779.24,6174882.32,residential,28634000
A-207137,Moellevej 199,698833.62,6197300.98,commercial,34467000
A-200348,Aavej 202,569129.63,6236979.43,agricultural,26868000
A-203150,Egevej 95,696748.70,6201865.59,residential,37471000
A-201593,Toftevej 232,485800.88,6211456.65,residential,29318000
A-201095,Lindevej 101,701984.56,6161746.00,residential,25314000
A-213788,Moellevej 87,515903.28,6285261.79,public,32162000
A-210776,Vestergade 74,605854.28,6136671.49,public,16718000
A-207851,Skovvej 225,714169.65,6202031.96,public,35276000
A-204665,Soendergade 14,565615.19,6243202.03,residential,16252000
A-202463,Vestergade 123,648456.53,6153466.03,agricultural,23811000
A-204290,Bakkevej 12,691217.58,6142523.80,industrial,4689000
A-213206,Skovvej 123,696798.72,6203689.44,residential,1384000
A-211985,Soendergade 9,718351.61,6196190.01,industrial,22234000
A-211352,Aavej 70,707032.52,6210644.17,residential,9155000
A-211826,Egevej 140,645779.00,6131156.54,commercial,25460000
A-202286,Kirkevej 167,577935.44,6136239.60,agricultural,22314000
A-212378,Soendergade 111,724973.98,6177470.19,residential,28748000
A-212918,Kirkevej 1,597332.99,6135984.98,commercial,41088000
A-208115,Aavej 100,708013.76,6189794.93,industrial,32830000
A-200048,Aavej 110,590203.30,6359993.86,public,34639000
A-213152,Aavej 183,539345.88,6245930.96,commercial,3752000
A-214133,Aavej 198,562762.61,6213571.29,residential,14506000
A-203372,Engvej 150,563625.37,6240960.04,residential,7668000
A-202796,Kirkevej 147,573620.96,6144932.59,residential,37772000
A-213758,Lindevej 5,728840.21,6180785.86,residential,4938000
A-206270,Lindevej 187,711506.20,6191914.74,residential,1730000
A-205880,Birkevej 237,722070.88,6190072.63,public,35773000
A-205685,Stationsvej 155,727306.82,6212813.59,residential,21225000
A-210068,Moellevej 66,576400.66,6255859.22,commercial,31062000
A-200615,Egevej 209,650906.56,6163535.75,residential,15555000
A-209936,Soendergade 41,709987.34,6200393.50,residential,23045000
A-207101,Birkevej 14,680142.60,6115863.92,residential,5983000
A-202733,Aavej 35,717876.90,6183225.23,commercial,15744000
A-211877,Skovvej 2,504282.93,6240862.66,residential,34969000
A-200255,Noerregade 224,538812.64,6192369.14,industrial,8882000
A-210974,Toftevej 106,566487.17,6167127.64,commercial,12656000
A-206885,Lindevej 219,519999.57,6287512.28,public,3197000
A-203243,Skovvej 27,552057.27,6262454.36,residential,4516000
A-205667,Vestergade 48,577380.52,6224024.79,public,25849000
A-213035,Egevej 96,698957.04,6189348.25,public,22521000
A-210611,Vestergade 13,497185.76,6117448.45,industrial,16787000
A-209879,Noerregade 207,559888.91,6153578.25,industrial,32273000
A-208574,Toftevej 174,714149.45,6210673.77,agricultural,19180000
A-211997,Toftevej 144,585165.36,6140201.37,public,5986000
A-213056,Moellevej 221,545463.97,6126722.54,commercial,16931000
A-213836,Egevej 90,531030.39,6276735.22,residential,10911000
A-209252,Skovvej 125,711418.98,6174794.56,residential,37237000
A-214520,Soendergade 55,475513.89,6282944.28,residential,31640000
A-214838,Bakkevej 94,700274.70,6168863.00,residential,35670000
A-214994,Kirkevej 66,537225.31,6363734.68,residential,37501000
A-206456,Skovvej 84,710806.58,6167557.58,public,7625000
A-207374,Lindevej 201,726266.08,6212191.79,residential,31073000
A-211640,Lindevej 144,646199.52,6157595.49,residential,33950000
A-214910,Stationsvej 175,697497.13,6204528.70,agricultural,15168000
A-212357,Stationsvej 62,706732.81,6181771.30,commercial,24013000
A-206957,Egevej 72,705837.22,6187014.47,commercial,8681000
A-207707,Noerregade 240,707621.36,6194095.55,residential,35479000
A-209582,Skovvej 124,647519.80,6140140.96,residential,28090000
A-208778,Kirkevej 151,558222.52,6226650.52,agricultural,6684000
A-200492,Egevej 115,583947.79,6258816.92,residential,5888000
A-207521,Lindevej 164,714797.12,6194128.37,public,22631000
A-207050,Aavej 61,576420.73,6270797.01,residential,13683000
A-212441,Toftevej 119,702708.71,6137018.81,residential,17964000
A-211448,Soendergade 132,518427.69,6166347.34,public,41008000
A-210833,Bakkevej 236,660414.86,6184992.11,industrial,18803000
A-204158,Soendergade 156,711414.58,6196710.18,industrial,11843000
A-213503,Kirkevej 95,524818.44,6259938.96,public,32903000
A-201335,Moellevej 156,711866.79,6214016.65,commercial,33587000
A-208661,Lindevej 37,690115.15,6168396.57,residential,38889000
A-201278,Kirkevej 32,726883.94,6186958.43,public,22277000
A-205265,Havnegade 119,721977.22,6173227.96,public,29516000
A-212762,Soendergade 171,680352.26,6150124.77,industrial,9138000
A-202478,Vestergade 77,647031.47,6172970.62,residential,19404000
A-214916,Bakkevej 238,693984.70,6147375.92,residential,40648000
A-206081,Lindevej 155,561133.50,6209325.67,public,25307000
A-207131,Stationsvej 13,594122.81,6145168.20,commercial,10157000
A-202445,Vestergade 149,663961.80,6166339.60,residential,7698000
A-208475,Noerregade 146,727596.66,6198019.11,residential,4525000
A-214235,Engvej 5,489726.80,6277191.95,industrial,34580000
A-203456,Skovvej 44,553173.81,6201510.76,residential,24325000
A-209651,Birkevej 76,658963.41,6190581.30,commercial,8590000
A-212786,Stationsvej 219,662063.15,6164657.21,industrial,1016000
A-207308,Aavej 22,543847.68,6224188.66,commercial,17109000
A-208883,Egevej 136,566044.14,6264525.35,commercial,23301000
A-208727,Strandvej 89,519992.31,6088932.31,public,15009000
A-200834,Soendergade 87,701676.57,6152699.59,residential,17510000
A-202694,Toftevej 177,666924.53,6193593.87,agricultural,22414000
A-210677,Soendergade 11,547201.73,6270813.37,industrial,41804000
A-201950,Egevej 97,713437.20,6163146.22,residential,19987000
A-214547,Kirkevej 129,540953.29,6264711.35,public,11201000
A-205523,Strandvej 23,658645.57,6145620.59,residential,17284000
A-208850,Vestergade 132,563448.37,6138946.53,residential,27203000
A-214241,Birkevej 41,716668.55,6213657.38,agricultural,29507000
A-207953,Egevej 27,542793.34,6224833.79,residential,24852000
A-202400,Stationsvej 146,710836.92,6186850.39,public,16593000
A-202931,Engvej 112,708587.78,6131615.98,agricultural,23768000
A-214790,Moellevej 107,685543.33,6200286.15,public,34502000
A-201266,Vestergade 207,516232.06,6167576.17,residential,34047000
A-211385,Vestergade 173,710691.43,6192102.65,commercial,8413000
A-213194,Strandvej 168,576375.26,6211642.24,commercial,37699000
A-210362,Strandvej 154,708429.90,6182000.51,agricultural,22253000
A-204203,Lindevej 80,725150.36,6163934.65,public,34093000
A-209609,Birkevej 107,538372.32,6234217.60,industrial,8666000
A-214604,Noerregade 233,539752.54,6204604.69,residential,17366000
A-203501,Skovvej 130,717998.34,6161483.85,industrial,26757000
A-210089,Strandvej 42,481102.63,6233724.30,commercial,31339000
A-206597,Moellevej 168,597616.87,6150386.82,residential,8843000
A-207587,Aavej 13,562954.21,6369744.88,agricultural,10235000
A-208709,Soendergade 2,584327.91,6206962.89,residential,12544000
A-212864,Havnegade 184,703950.18,6214859.09,residential,2386000
A-204650,Engvej 198,492912.33,6174828.72,public,26492000
A-213068,Noerregade 239,524045.84,6324037.93,residential,39474000
A-206606,Kirkevej 84,698632.57,6170885.20,agricultural,12435000
A-206390,Skovvej 76,527694.68,6303181.57,industrial,16958000
A-210179,Toftevej 59,721859.35,6186391.50,public,12789000
A-213059,Soendergade 23,560804.07,6213525.19,industrial,29321000
A-211376,Moellevej 17,534999.76,6364258.47,residential,2826000
A-203750,Vestergade 83,541369.55,6246590.01,commercial,12731000
A-202235,Egevej 154,631723.27,6192858.96,residential,40641000
A-213269,Egevej 152,559264.23,6162067.45,residential,18323000
A-201914,Skovvej 164,665941.21,6197679.16,residential,20013000
A-203807,Egevej 47,704983.07,6185696.39,residential,18099000
A-212090,Soendergade 152,530268.52,6192336.37,industrial,38495000
A-213878,Lindevej 107,711079.40,6213972.82,residential,956000
A-203846,Strandvej 49,707276.75,6193058.43,residential,41302000
A-210686,Soendergade 161,698597.25,6199369.24,public,12759000
A-210731,Egevej 131,704962.61,6175204.07,residential,16601000
A-204980,Aavej 157,584414.84,6246593.19,commercial,3102000
A-203300,Moellevej 143,576747.32,6251342.19,residential,33090000
A-201260,Havnegade 12,715836.69,6173682.30,industrial,693000
A-207947,Kirkevej 190,713023.86,6204178.56,public,33867000
A-202118,Strandvej 171,565654.50,6242511.73,industrial,8070000
A-214409,Soendergade 177,581031.62,6243895.73,residential,10964000
A-202790,Birkevej 63,554019.52,6357597.53,commercial,38101000
A-213800,Skovvej 164,516912.10,6263345.44,residential,40991000
A-211697,Toftevej 127,576764.97,6242659.12,agricultural,8627000
A-202091,Bakkevej 130,478396.57,6306070.13,residential,26395000
A-204872,Lindevej 113,533469.25,6229777.81,residential,40899000
A-203789,Engvej 22,716369.78,6169834.25,residential,9649000
A-213743,Toftevej 107,727961.09,6200645.73,agricultural,5307000
A-206579,Egevej 85,524550.83,6207278.29,public,12208000
A-206567,Soendergade 26,722461.32,6178668.33,residential,1346000
A-205052,Noerregade 67,535620.40,6345218.62,industrial,20801000
A-211766,Aavej 182,697390.34,6190656.65,agricultural,23861000
A-214118,Birkevej 234,590138.10,6096116.48,residential,33054000
A-207920,Strandvej 71,686758.55,6173146.93,residential,7523000
A-203732,Soendergade 2,707795.01,6194276.15,commercial,36915000
A-210341,Kirkevej 214,579029.38,6244729.17,residential,18285000
A-205325,Lindevej 127,496527.91,6187673.37,residential,19100000
A-200168,Stationsvej 30,720037.69,6171465.34,residential,5291000
A-207404,Egevej 24,722769.81,6191665.12,residential,17782000
A-207659,Soendergade 90,697154.38,6213204.98,residential,7943000
A-212645,Bakkevej 29,727469.07,6183399.23,industrial,32574000
A-214517,Birkevej 57,491084.98,6220340.09,residential,9501000
A-205193,Egevej 223,538450.79,6270874.90,residential,18413000
A-202052,Strandvej 27,678047.16,6128466.50,residential,30538000
A-213380,Havnegade 164,665350.64,6183782.77,industrial,33185000
A-208649,Havnegade 113,645048.39,6164648.60,residential,32115000
A-203828,Bakkevej 170,696809.95,6152738.33,public,24084000
A-208610,Noerregade 24,707133.86,6164106.70,residential,15674000
A-207275,Bakkevej 14,699347.87,6139030.23,industrial,34335000
A-206447,Egevej 127,701141.61,6173279.56,residential,23857000
A-200522,Aavej 156,728671.31,6163808.66,residential,31459000
A-211745,Egevej 70,704353.54,6164205.97,commercial,21611000
A-208241,Stationsvej 42,542327.07,6202180.77,residential,15493000
A-203915,Bakkevej 11,582835.79,6209424.59,agricultural,24852000
A-211709,Moellevej 176,722321.43,6216742.42,residential,14469000
A-213392,Skovvej 12,542431.37,6201841.07,commercial,21759000
A-202115,Stationsvej 222,558180.75,6339144.34,residential,35368000
A-211355,Havnegade 215,726524.25,6198019.23,residential,8096000
A-213932,Egevej 188,706469.60,6172126.50,commercial,40456000
A-209969,Aavej 163,700283.15,6209153.75,public,3752000
A-204932,Noerregade 66,544470.44,6262019.18,commercial,10539000
A-203192,Kirkevej 124,705422.48,6173480.38,residential,40499000
A-200720,Egevej 22,576511.38,6119259.31,industrial,18731000
A-200159,Vestergade 212,542172.09,6200292.98,commercial,30091000
A-209294,Engvej 119,687303.15,6148610.62,public,13802000
A-210161,Skovvej 86,498988.81,6240100.32,public,26548000
A-200672,Skovvej 145,554368.69,6252102.20,commercial,18831000
A-200498,Toftevej 71,556391.20,6200585.84,industrial,36873000
A-200840,Skovvej 56,645031.49,6125163.82,industrial,40054000
A-204491,Noerregade 233,639130.91,6177272.76,residential,21638000
A-214889,Vestergade 207,583568.63,6215723.81,residential,37577000
A-200570,Bakkevej 59,684185.15,6186306.94,agricultural,17864000
A-213179,Birkevej 74,667102.79,6201685.32,commercial,40062000
A-210329,Engvej 12,519681.47,6266524.74,residential,6206000
A-208565,Strandvej 112,699922.53,6215227.29,residential,480000
A-208109,Strandvej 85,512158.63,6203283.61,public,7372000
A-209693,Noerregade 208,595082.82,6339071.80,public,38406000
A-203867,Skovvej 118,577819.97,6144430.52,public,39366000
A-203585,Moellevej 165,528387.60,6194410.80,residential,5622000
A-200288,Strandvej 186,616907.05,6141832.33,residential,6363000
A-205376,Soendergade 218,501644.68,6211615.55,commercial,29546000
A-214493,Skovvej 221,703310.09,6125165.52,public,28999000
A-212768,Vestergade 83,675103.01,6150542.60,residential,25116000
A-213125,Toftevej 162,597024.07,6133555.28,residential,41480000
A-212471,Lindevej 108,681787.14,6187187.22,industrial,6128000
A-208616,Aavej 45,703343.04,6212823.55,agricultural,31883000
A-214619,Havnegade 137,698179.54,6157350.31,industrial,24352000
A-200060,Bakkevej 132,567598.00,6221050.01,residential,36340000
A-212513,Skovvej 212,665719.09,6160815.50,residential,10843000
A-213053,Vestergade 51,667925.01,6167445.98,agricultural,29440000
A-200144,Noerregade 202,554250.31,6095192.05,commercial,16679000
A-212573,Soendergade 191,586314.29,6153103.35,industrial,34434000
A-206273,Toftevej 40,570754.42,6115771.99,agricultural,10701000
A-210722,Noerregade 6,505983.98,6115070.57,industrial,17866000
A-204206,Stationsvej 128,609558.41,6135686.08,industrial,38597000
A-201176,Aavej 187,711411.31,6201000.17,commercial,1395000
A-208031,Strandvej 109,566161.78,6197979.68,commercial,34987000
A-214085,Birkevej 155,565510.44,6307764.75,industrial,33348000
A-205670,Moellevej 140,580526.74,6138146.36,residential,971000
A-210074,Birkevej 182,548961.53,6095073.35,residential,14632000
A-212114,Aavej 18,514602.99,6219522.16,commercial,29660000
A-202700,Birkevej 159,563846.95,6158626.01,commercial,10014000
A-214211,Lindevej 224,542873.55,6222990.49,residential,7957000
A-201749,Skovvej 161,709289.77,6167711.96,residential,958000
A-213905,Skovvej 25,677167.41,6175530.08,industrial,1265000
A-200105,Lindevej 33,723754.73,6204410.08,agricultural,31240000
A-205460,Stationsvej 63,572838.05,6267863.08,residential,22845000
A-211838,Bakkevej 214,727758.55,6186364.15,industrial,17684000
A-205826,Noerregade 221,690524.81,6125331.40,residential,34410000
A-209813,Stationsvej 174,726523.29,6183033.72,agricultural,22398000
A-200093,Aavej 39,705428.53,6170249.50,commercial,22305000
A-208367,Egevej 6,481238.69,6276865.53,residential,33091000
A-212306,Strandvej 166,567682.62,6263052.86,residential,25238000
A-201038,Skovvej 39,553458.96,6235599.62,residential,25330000
A-207479,Egevej 230,719902.07,6191896.03,commercial,38897000
A-205997,Egevej 231,574856.40,6238109.11,public,41955000
A-200345,Moellevej 193,676955.24,6167786.69,residential,35148000
A-205496,Vestergade 108,547704.03,6263976.81,residential,13807000
A-208370,Lindevej 112,585262.17,6253639.57,public,10919000
A-207800,Kirkevej 173,702190.90,6188510.39,industrial,36284000
A-210119,Kirkevej 188,715938.06,6200847.89,residential,29700000
A-207875,Engvej 67,715402.53,6200019.45,residential,40049000
A-203486,Birkevej 117,708077.34,6188925.41,public,11653000
A-203198,Skovvej 3,720092.45,6190639.29,agricultural,2600000
A-208796,Soendergade 227,715265.57,6196670.98,residential,18361000
A-213110,Soendergade 36,551102.44,6113170.03,public,24341000
A-213827,Birkevej 128,595548.46,6124021.90,industrial,8719000
A-211100,Kirkevej 14,680168.46,6151054.70,industrial,17186000
A-202475,Stationsvej 193,721104.06,6210492.06,agricultural,28394000
A-206987,Engvej 3,657757.74,6163384.27,residential,14223000
A-204332,Skovvej 29,581083.52,6193650.76,residential,8854000
A-209801,Birkevej 205,565023.06,6239729.90,public,5177000
A-205235,Stationsvej 119,547700.92,6204368.65,agricultural,39620000
A-204830,Noerregade 191,725198.52,6174279.55,residential,20008000
A-205520,Engvej 180,711228.90,6206276.22,agricultural,23998000
A-213458,Stationsvej 211,573435.88,6236520.62,industrial,38760000
A-213047,Kirkevej 193,563897.72,6143047.58,commercial,7832000
A-201806,Soendergade 178,715917.99,6175183.89,agricultural,40357000
A-209678,Engvej 101,654011.45,6151604.68,industrial,24357000
A-211889,Kirkevej 223,534370.57,6202932.77,commercial,31152000
A-213137,Skovvej 61,543317.33,6190638.64,public,36803000
A-201980,Kirkevej 94,719935.80,6183245.90,residential,39876000
A-200948,Vestergade 199,584018.13,6202920.17,public,35850000
A-211748,Strandvej 228,660487.07,6134464.58,industrial,14958000
A-213488,Aavej 117,700956.33,6180316.78,industrial,31797000
A-200600,Strandvej 25,725411.89,6182048.72,commercial,39527000
A-212177,Noerregade 133,707629.08,6196531.68,residential,12763000
A-213716,Stationsvej 70,546784.40,6265552.15,residential,11971000
A-211586,Kirkevej 12,531176.83,6270693.50,residential,24523000
A-210788,Kirkevej 172,520970.49,6122713.32,public,27319000
A-213635,Toftevej 172,511423.17,6130710.50,commercial,20246000
A-210176,Kirkevej 42,647975.18,6195297.43,residential,7211000
A-206690,Havnegade 46,700781.40,6198110.33,commercial,13330000
A-209060,Aavej 14,558678.62,6238003.44,residential,5077000
A-213365,Bakkevej 80,661131.91,6128854.18,public,21877000
A-208310,Egevej 186,529088.69,6192592.49,residential,16547000
A-208208,Havnegade 219,535723.53,6242672.92,agricultural,6677000
A-211844,Kirkevej 6,585110.43,6325512.97,residential,35162000
A-202397,Soendergade 40,496732.32,6232041.16,residential,8704000
A-205406,Birkevej 9,547805.35,6133754.55,agricultural,16215000
A-210395,Bakkevej 115,556798.63,6136843.27,commercial,23563000
A-206348,Bakkevej 228,538358.22,6241378.33,public,41990000
A-209846,Aavej 46,581288.14,6199768.02,industrial,8501000
A-210548,Strandvej 172,676955.04,6144101.14,commercial,40534000
A-204836,Lindevej 62,542083.62,6193075.60,agricultural,36706000
A-210911,Moellevej 1,698247.58,6189581.73,residential,5648000
A-214406,Moellevej 22,537195.30,6235732.58,industrial,28980000
A-200018,Moellevej 47,551442.46,6127296.41,public,14680000
A-214964,Stationsvej 21,474087.49,6164202.42,public,25196000
A-208589,Stationsvej 47,589891.50,6165655.53,residential,12317000
A-200045,Bakkevej 98,509821.97,6163753.46,residential,31833000
A-213896,Bakkevej 166,542138.65,6188237.58,agricultural,24463000
A-201611,Vestergade 93,563458.03,6242151.44,public,15187000
A-213989,Aavej 200,538054.03,6251842.58,industrial,2409000
A-202421,Bakkevej 212,715249.94,6190026.47,commercial,30007000
A-207299,Birkevej 97,563012.57,6158371.09,residential,783000
A-211205,Lindevej 151,722793.48,6185953.42,industrial,21455000
A-214034,Aavej 9,477773.00,6165627.59,residential,20282000
A-206486,Noerregade 183,515603.77,6186162.91,residential,12855000
A-212666,Egevej 227,662774.61,6154047.54,industrial,30428000
A-211556,Stationsvej 77,715458.46,6209479.22,residential,32312000
A-201929,Toftevej 20,496323.83,6244362.14,residential,7568000
A-202343,Birkevej 175,714689.50,6208544.29,residential,5686000
A-205733,Moellevej 234,565095.00,6271621.47,residential,19874000
A-213335,Egevej 207,581521.37,6104774.24,residential,2633000
A-205289,Moellevej 139,569189.34,6368063.47,commercial,14118000
A-211739,Aavej 99,582155.84,6237261.64,industrial,41716000
A-214016,Skovvej 95,714774.60,6162309.99,residential,7476000
A-213176,Soendergade 172,547195.67,6204290.94,residential,27952000
A-211235,Engvej 36,581617.38,6265755.67,residential,40464000
A-205094,Strandvej 16,634955.67,6153176.80,residential,29671000
A-204041,Kirkevej 183,528814.63,6246668.49,agricultural,904000
A-207752,Skovvej 120,603749.70,6128932.83,public,9362000
A-201677,Vestergade 238,540714.19,6210522.22,residential,20055000
A-202109,Havnegade 3,692296.50,6126022.46,residential,32205000
A-205832,Havnegade 107,474485.20,6153094.25,residential,29343000
A-211571,Strandvej 11,718987.91,6180483.85,residential,5944000
A-214985,Kirkevej 201,561919.81,6199992.79,agricultural,17332000
A-207107,Strandvej 115,572334.81,6232468.02,industrial,24375000
A-204785,Aavej 99,566269.00,6204113.88,commercial,38981000
A-212549,Engvej 139,579185.85,6212169.04,residential,10465000
A-204452,Skovvej 189,637582.85,6195173.18,agricultural,25037000
A-208328,Kirkevej 171,561937.72,6154332.83,industrial,2564000
A-210953,Kirkevej 13,683467.33,6133408.50,residential,20621000
A-211970,Birkevej 205,720614.53,6177136.51,agricultural,28119000
A-207161,Bakkevej 37,586698.94,6113970.84,residential,32499000
A-211421,Aavej 127,496425.22,6298217.39,public,17966000
A-209885,Toftevej 149,705047.77,6202668.96,public,19239000
A-205136,Soendergade 135,685789.49,6198638.47,commercial,10756000
A-206228,Aavej 77,530708.42,6380262.10,residential,17676000
A-201524,Kirkevej 215,717710.70,6213858.35,residential,40504000
A-204491,Aavej 219,569024.42,6167329.78,commercial,28224000
A-212099,Strandvej 121,497432.47,6225293.47,residential,11339000
A-209297,Egevej 234,566531.20,6139583.36,residential,4415000
A-201017,Havnegade 240,709887.96,6170855.30,agricultural,39527000
A-200543,Egevej 185,697733.90,6207405.85,residential,2441000
A-212828,Aavej 153,575664.63,6230046.49,residential,35810000
A-214502,Egevej 125,663722.86,6121264.59,residential,14579000
A-207158,Toftevej 150,726829.15,6197632.15,residential,17080000
A-213965,Kirkevej 14,571308.48,6097781.47,residential,28264000
A-207281,Kirkevej 61,659423.57,6181481.65,residential,13043000
A-210617,Birkevej 57,701746.21,6186807.92,agricultural,9306000
A-200762,Kirkevej 59,611484.88,6132299.18,commercial,8153000
A-214895,Soendergade 194,577974.04,6328946.27,agricultural,17087000
A-201605,Toftevej 131,510727.12,6258586.31,residential,19710000
A-200759,Strandvej 39,699998.95,6188453.07,public,20264000
A-204197,Stationsvej 21,719484.47,6177431.58,residential,16425000
A-211736,Vestergade 192,599735.00,6160822.41,commercial,40250000
A-211226,Stationsvej 61,723662.53,6185078.89,agricultural,2428000
A-208154,Aavej 14,589041.84,6364651.12,industrial,25863000
A-201161,Skovvej 121,547693.17,6265988.49,public,8499000
A-202241,Stationsvej 68,727476.33,6193406.19,commercial,12789000
A-200618,Havnegade 47,719774.18,6191506.72,residential,22402000
A-204236,Skovvej 36,721643.83,6161828.14,residential,26595000
A-212687,Egevej 139,554709.55,6227356.76,agricultural,9372000
A-212705,Soendergade 220,697418.70,6198562.36,residential,12619000
A-203378,Aavej 228,699242.15,6193908.02,residential,6632000
A-209405,Strandvej 130,712221.63,6207393.56,residential,24932000
A-205355,Moellevej 61,516237.37,6226683.31,industrial,33259000
A-201650,Egevej 238,613718.58,6106425.17,residential,5337000
A-206336,Vestergade 118,487581.07,6277391.79,residential,34462000
A-210941,Toftevej 8,684529.70,6195673.10,agricultural,30888000
A-210170,Toftevej 31,676809.82,6120369.92,commercial,8214000
A-211130,Soendergade 203,583345.44,6100614.04,residential,37140000
A-206945,Aavej 32,613286.58,6128213.61,public,41975000
A-209156,Noerregade 10,542410.89,6237691.95,public,22960000
A-213434,Moellevej 95,614833.94,6104224.95,residential,40556000
A-213290,Toftevej 55,527680.68,6225468.23,industrial,37723000
A-213527,Vestergade 221,587139.66,6211878.75,residential,13131000
A-212678,Birkevej 101,574076.13,6199711.47,agricultural,40681000
A-209765,Stationsvej 127,513442.76,6284184.56,commercial,33254000
A-202538,Soendergade 237,556980.61,6212452.80,industrial,574000
A-207803,Egevej 198,524025.30,6289086.92,residential,13324000
A-214928,Stationsvej 161,475937.80,6243121.64,industrial,30283000
A-212936,Soendergade 174,728099.00,6194746.89,commercial,24377000
A-202691,Egevej 181,680950.52,6136079.30,residential,24304000
A-208076,Aavej 35,552462.45,6224865.35,commercial,16403000
A-200399,Toftevej 131,706023.42,6203011.97,industrial,12400000
A-212717,Strandvej 189,684830.79,6120465.74,residential,7595000
A-201809,Moellevej 67,538382.05,6196476.57,industrial,24959000
A-212510,Moellevej 98,700107.80,6173717.85,residential,4102000
A-204374,Soendergade 28,703608.04,6163019.80,public,27521000
A-208685,Egevej 20,515783.37,6199890.79,commercial,13816000
A-205814,Egevej 25,703925.64,6202508.46,residential,31328000
A-210869,Bakkevej 193,486530.71,6280425.48,industrial,10616000
A-212465,Stationsvej 179,705458.66,6207847.99,residential,40127000
A-207269,Noerregade 143,583635.05,6213696.87,public,11875000
A-208094,Skovvej 8,717777.53,6206853.69,agricultural,23965000
A-201248,Bakkevej 61,714248.55,6169297.46,residential,13430000
A-211553,Lindevej 44,511600.51,6155933.77,industrial,38502000
A-203966,Egevej 220,564774.54,6347855.66,agricultural,32041000
A-214457,Stationsvej 177,711446.66,6190132.81,industrial,35448000
A-212084,Havnegade 171,723792.98,6203001.88,public,29903000
A-200447,Engvej 92,725688.40,6215691.59,residential,22263000
A-207836,Engvej 228,601488.47,6117007.69,residential,10666000
A-213464,Engvej 107,698852.25,6189063.69,residential,7701000
A-202550,Egevej 130,704969.07,6121888.82,public,28745000
A-201887,Havnegade 97,573550.42,6130631.49,residential,33485000
A-208316,Noerregade 224,533100.16,6259277.50,public,25102000
A-210281,Moellevej 215,726276.01,6191674.97,agricultural,26387000
A-213095,Skovvej 220,712447.29,6190181.57,public,40524000
A-213191,Soendergade 192,668732.68,6188062.68,residential,17712000
A-213071,Egevej 120,544617.70,6139258.65,residential,26890000
A-207317,Kirkevej 106,586123.05,6106372.94,public,37301000
A-209279,Strandvej 36,726371.68,6205603.23,residential,1631000
A-203261,Egevej 43,539030.96,6276137.17,residential,27743000
A-209924,Strandvej 152,537281.44,6177360.46,residential,17123000
A-200357,Havnegade 130,703202.27,6191965.81,commercial,30338000
A-210014,Engvej 64,577850.27,6201331.43,residential,30137000
A-208607,Kirkevej 36,614549.08,6121421.55,commercial,28995000
A-202034,Vestergade 139,550749.47,6105848.07,agricultural,21872000
A-200363,Noerregade 54,706399.72,6216510.60,residential,27934000
A-212672,Engvej 57,550337.20,6233565.19,residential,17551000
A-201263,Kirkevej 150,568366.92,6222346.09,commercial,17214000
A-212642,Aavej 187,711380.57,6198753.65,industrial,11753000
A-205217,Bakkevej 78,571494.69,6252292.30,public,18839000
A-212054,Egevej 135,725491.87,6211792.74,agricultural,18055000
A-214817,Skovvej 122,598092.10,6125569.30,agricultural,25593000
A-213254,Aavej 198,554859.33,6130069.61,public,6847000
A-211406,Stationsvej 53,514536.79,6304689.63,commercial,40401000
A-203579,Havnegade 4,705225.73,6136695.97,residential,20706000
A-201488,Bakkevej 96,520330.89,6294458.65,residential,32000000
A-206375,Stationsvej 85,695538.06,6129676.47,industrial,18503000
A-209549,Stationsvej 237,568819.26,6250926.13,residential,35272000
A-214388,Strandvej 121,560559.40,6196596.32,residential,2135000
A-201758,Noerregade 132,477888.87,6296886.13,residential,23322000
A-210902,Skovvej 86,713580.85,6170300.65,commercial,14335000
A-207431,Vestergade 223,705979.90,6168362.20,residential,9376000
A-202742,Engvej 211,615493.73,6128382.26,public,29211000
A-201299,Vestergade 131,684122.82,6186628.19,residential,28584000
A-209366,Engvej 192,564734.38,6382317.66,residential,35761000
A-209945,Toftevej 65,533047.44,6274787.69,public,26899000
A-203957,Stationsvej 189,538091.41,6244851.74,residential,34296000
A-210011,Aavej 82,567863.93,6246179.84,commercial,12103000
A-209942,Birkevej 120,724786.28,6165099.34,residential,19658000
A-204956,Skovvej 94,654234.09,6166907.64,commercial,36518000
A-213389,Stationsvej 114,562858.03,6198296.28,agricultural,9372000
A-206726,Egevej 230,534302.03,6230196.47,agricultural,730000
A-202367,Birkevej 170,503603.72,6291824.77,residential,18526000
A-209687,Lindevej 20,559022.14,6252724.97,residential,12731000
A-210584,Strandvej 220,646029.69,6197540.07,commercial,22864000
A-208634,Aavej 213,512639.73,6289729.05,commercial,28820000
A-205868,Aavej 196,636556.46,6192141.17,industrial,19971000
A-213677,Noerregade 232,566601.88,6131788.17,residential,28652000
A-204788,Birkevej 197,707344.00,6205276.72,residential,36149000
A-200417,Stationsvej 46,581831.15,6100608.96,residential,34158000
A-205955,Toftevej 42,558153.35,6340822.79,commercial,11213000
A-209855,Vestergade 82,669790.88,6169772.54,industrial,29391000
A-204968,Havnegade 177,699694.66,6209895.17,industrial,21528000
A-202484,Skovvej 175,711237.53,6182166.63,agricultural,10937000
A-209372,Bakkevej 52,697150.84,6204263.98,agricultural,9876000
A-208025,Kirkevej 35,527704.62,6136923.12,residential,975000
A-205850,Birkevej 63,651843.38,6195698.57,agricultural,41993000
A-214973,Lindevej 61,700693.32,6191867.69,residential,4976000
A-207140,Havnegade 45,706173.09,6194254.86,residential,5955000
A-208472,Lindevej 151,559881.02,6202821.39,residential,33397000
A-204269,Kirkevej 102,586581.13,6208145.39,agricultural,2668000
A-214574,Stationsvej 210,537243.04,6235644.32,residential,26987000
A-207506,Egevej 177,711129.47,6196733.50,industrial,10458000
A-206810,Noerregade 225,709107.87,6164352.30,residential,10841000
A-208931,Soendergade 83,559109.30,6196233.22,residential,40369000
A-202277,Engvej 97,560233.90,6213503.39,residential,35539000
A-214268,Kirkevej 163,606860.26,6099239.98,agricultural,4513000
A-211001,Moellevej 180,603035.94,6107068.79,industrial,1085000
A-203630,Moellevej 14,561269.01,6124653.50,residential,31191000
A-214859,Birkevej 6,582634.57,6213731.67,industrial,2498000
A-206555,Strandvej 47,555179.78,6263973.28,commercial,30295000
A-212903,Kirkevej 116,724314.25,6211610.75,industrial,4503000
A-212453,Engvej 148,573326.17,6140820.14,residential,35470000
A-201578,Aavej 219,495724.60,6152635.95,residential,35956000
A-205862,Vestergade 161,704490.91,6177387.06,public,2680000
A-200057,Bakkevej 238,710344.09,6202120.83,residential,28273000
A-207926,Skovvej 113,538664.00,6193262.80,commercial,2075000
A-205859,Kirkevej 124,478011.90,6213509.38,residential,36318000
A-201230,Bakkevej 181,684059.81,6137005.30,residential,21045000
A-200240,Noerregade 179,723075.11,6164493.96,residential,31893000
A-204947,Strandvej 128,503381.69,6218043.51,agricultural,13711000
A-201794,Soendergade 144,537746.96,6351039.24,agricultural,499000
A-207848,Lindevej 95,545034.47,6224783.18,residential,26783000
A-210887,Birkevej 105,642223.23,6146511.63,industrial,13919000
A-209075,Stationsvej 1,633190.79,6143849.58,residential,22710000
A-210779,Kirkevej 121,475918.48,6195433.60,public,34192000
A-207191,Skovvej 171,722884.86,6187146.17,residential,18719000
A-211055,Stationsvej 151,701180.30,6170644.15,residential,26967000
A-214358,Egevej 109,583215.12,6205978.17,residential,40265000
A-207941,Skovvej 159,723218.23,6190634.94,residential,38369000
A-202979,Bakkevej 193,544868.65,6213761.63,residential,12734000
A-203618,Havnegade 21,476088.62,6286929.43,commercial,23607000
A-213776,Toftevej 21,714142.20,6206089.90,residential,16628000
A-201992,Aavej 61,697398.34,6200691.66,residential,28415000
A-211436,Egevej 135,699215.03,6207540.43,industrial,28275000
A-201515,Moellevej 199,553388.75,6202947.96,residential,3883000
A-204101,Kirkevej 49,720635.85,6190337.29,commercial,17580000
A-210551,Strandvej 33,614240.22,6113157.75,residential,12785000
A-211472,Aavej 15,524269.84,6228273.97,residential,12644000
A-214124,Lindevej 63,553947.46,6204106.86,commercial,34070000
A-203510,Toftevej 181,513382.25,6243940.21,residential,28985000
A-212882,Havnegade 20,529967.58,6353358.90,residential,34524000
A-213611,Aavej 174,657103.34,6177031.82,agricultural,39769000
A-201293,Lindevej 4,531645.06,6365250.69,public,33068000
A-209519,Bakkevej 61,724807.17,6180945.32,industrial,32216000
A-201380,Kirkevej 221,511273.32,6113772.34,commercial,37260000
A-214172,Bakkevej 130,726357.26,6194406.27,industrial,41012000
A-207980,Stationsvej 50,703259.07,6184707.80,residential,28964000
A-205550,Strandvej 161,698973.37,6167227.77,agricultural,27867000
A-201494,Egevej 157,510370.43,6212031.70,residential,12891000
A-202379,Noerregade 224,706405.73,6170980.87,industrial,27561000
A-214556,Engvej 62,702568.00,6164321.33,commercial,35245000
A-211784,Stationsvej 52,723185.52,6173220.10,residential,6681000
A-203528,Skovvej 227,513379.65,6331687.37,industrial,29354000
A-205256,Aavej 177,555974.61,6229199.07,residential,32358000
A-214475,Strandvej 157,474966.06,6172587.19,agricultural,22511000
A-209357,Soendergade 32,545874.63,6219349.40,commercial,22727000
A-210365,Havnegade 40,707542.14,6169756.42,residential,41693000
A-204209,Aavej 16,543246.69,6248337.12,residential,4439000
A-202412,Lindevej 83,722662.04,6183498.01,public,1235000
A-204389,Aavej 139,669670.97,6173738.73,residential,7133000
A-201491,Havnegade 78,727949.49,6186213.58,commercial,10973000
A-211094,Vestergade 174,721081.81,6208504.19,residential,26760000
A-205025,Engvej 223,717394.70,6176564.10,agricultural,18253000
A-202517,Bakkevej 108,537870.53,6281488.34,agricultural,20284000
A-211904,Birkevej 98,715490.70,6216156.98,residential,29547000
A-213542,Moellevej 235,697802.98,6208428.72,residential,6250000
A-213587,Moellevej 196,549753.43,6111846.94,commercial,33987000
A-207128,Skovvej 230,499822.33,6185591.95,residential,3623000
A-211589,Bakkevej 109,714736.43,6209982.32,public,20467000
A-208028,Soendergade 80,701683.12,6215302.27,residential,26837000
A-209498,Egevej 55,546125.99,6337425.26,public,8749000
A-201584,Vestergade 152,490074.73,6224664.71,industrial,16343000
A-208091,Soendergade 194,547062.01,6260139.74,residential,1437000
A-211610,Skovvej 54,683005.58,6116765.76,residential,7924000
A-211106,Stationsvej 148,714608.45,6173495.12,residential,28152000
A-205214,Stationsvej 98,712819.24,6208166.33,industrial,30001000
A-207791,Strandvej 28,714536.34,6183524.28,commercial,36431000
A-211082,Vestergade 131,559001.87,6214009.98,residential,15692000
A-210113,Noerregade 210,536332.03,6186420.49,agricultural,11628000
A-206342,Bakkevej 215,667617.17,6151653.49,agricultural,30629000
A-202814,Engvej 155,560000.62,6161356.12,residential,6015000
A-210254,Birkevej 213,709221.86,6212085.32,residential,30533000
A-200729,Strandvej 143,501528.88,6278629.05,residential,10107000
A-206444,Soendergade 185,699444.20,6186277.36,residential,34630000
A-208859,Egevej 62,616818.90,6140684.82,commercial,19189000
A-209930,Stationsvej 11,727908.58,6204779.93,residential,6650000
A-202418,Kirkevej 133,476752.45,6084002.85,industrial,30233000
A-212243,Stationsvej 26,698312.52,6183503.49,residential,33123000
A-213452,Vestergade 147,535829.19,6303052.37,public,32974000
A-202244,Soendergade 104,560437.88,6203022.94,industrial,10893000
A-204011,Stationsvej 185,541619.10,6249025.83,commercial,10492000
A-209600,Skovvej 192,529847.08,6217662.95,agricultural,32978000
A-200480,Aavej 191,703295.73,6124037.87,agricultural,33653000
A-200978,Birkevej 227,500800.70,6228893.84,industrial,39100000
A-206105,Strandvej 126,656497.63,6136173.94,commercial,31488000
A-206453,Havnegade 106,702599.92,6186702.46,agricultural,2582000
A-205103,Havnegade 64,588227.94,6107463.96,public,4345000
A-208313,Birkevej 108,721294.14,6200532.47,public,610000
A-211931,Kirkevej 47,707288.95,6170789.68,commercial,24786000
A-214811,Soendergade 128,699973.56,6204728.22,residential,12366000
A-203645,Moellevej 116,531266.21,6200453.72,public,19036000
A-209864,Bakkevej 98,720127.25,6185297.59,residential,6590000
A-209912,Egevej 133,713178.76,6200220.60,residential,21080000
A-209585,Bakkevej 89,581622.80,6309133.58,residential,3991000
A-200342,Egevej 187,682757.22,6198375.35,industrial,13485000
A-201389,Egevej 130,718832.14,6165505.93,residential,24690000
A-207644,Moellevej 112,552715.81,6332059.80,residential,33665000
A-207092,Strandvej 185,704834.55,6192157.27,residential,10199000
A-202490,Moellevej 38,690571.07,6179948.17,commercial,1265000
A-208919,Engvej 133,512920.88,6345893.81,industrial,41239000
A-204422,Toftevej 154,483001.92,6208753.26,industrial,24641000
A-211148,Skovvej 234,555195.01,6272183.03,commercial,32765000
A-205976,Kirkevej 70,494002.69,6292467.54,residential,35869000
A-214760,Havnegade 18,714817.69,6195499.29,industrial,35975000
A-210830,Egevej 64,575704.81,6209560.13,industrial,28253000
A-208046,Havnegade 97,539028.76,6260098.70,industrial,8095000
A-204182,Toftevej 183,701921.56,6174525.36,industrial,11528000
A-207719,Soendergade 31,722333.03,6214289.57,commercial,34067000
A-203156,Noerregade 152,688619.35,6150243.54,industrial,13412000
A-208538,Engvej 127,688629.72,6189805.91,public,33575000
A-209048,Engvej 183,521893.20,6310855.34,commercial,32337000
A-200216,Soendergade 114,725650.54,6174913.72,public,34023000
A-212561,Stationsvej 65,700136.54,6148835.32,public,24497000
A-204419,Kirkevej 138,709227.62,6178979.16,residential,36416000
A-208349,Skovvej 42,562257.74,6375761.44,residential,27063000
A-210275,Stationsvej 219,493881.44,6196386.31,commercial,7215000
A-212165,Kirkevej 38,704365.30,6211242.85,commercial,28404000
A-205661,Strandvej 169,718578.73,6172615.53,industrial,34228000
A-207041,Moellevej 30,577400.10,6116723.03,residential,38479000
A-210056,Birkevej 204,704513.78,6180820.85,residential,4423000
A-202895,Aavej 134,539703.46,6337053.54,residential,1128000
A-202562,Aavej 207,643978.83,6181918.48,public,14998000
A-204668,Stationsvej 48,715238.04,6171996.68,commercial,3116000
A-210791,Egevej 192,661469.38,6119207.57,residential,13529000
A-206678,Birkevej 238,704063.78,6183472.91,residential,34434000
A-212309,Lindevej 171,486049.04,6277689.70,residential,27326000
A-204317,Toftevej 67,647981.66,6148230.65,residential,36863000
A-209459,Toftevej 79,477017.19,6304772.72,industrial,37136000
A-206780,Stationsvej 146,685191.72,6166729.71,public,34286000
A-213284,Stationsvej 116,539677.45,6243845.70,residential,5635000
A-210098,Bakkevej 38,681281.53,6191032.43,commercial,33565000
A-207764,Havnegade 123,567613.57,6315959.99,residential,18633000
A-208826,Strandvej 197,698814.41,6178997.33,residential,28285000
A-208142,Noerregade 143,707084.77,6176796.35,commercial,38111000
A-206036,Strandvej 224,676879.89,6119042.27,public,10935000
A-211943,Aavej 71,610870.18,6113488.06,industrial,28895000
A-212885,Skovvej 48,499285.74,6244213.06,residential,38845000
A-202070,Soendergade 6,710055.80,6163241.74,residential,37426000
A-206519,Lindevej 20,702669.24,6126926.60,residential,19400000
A-208292,Moellevej 72,587711.03,6313908.51,agricultural,2718000
A-208358,Toftevej 162,585928.88,6248010.39,residential,21363000
A-200186,Aavej 206,713811.00,6194316.25,residential,11910000
A-200621,Kirkevej 200,581213.38,6137640.41,agricultural,27712000
A-213572,Soendergade 74,697907.71,6188819.53,residential,38145000
A-206855,Birkevej 117,697916.19,6130653.91,public,580000
A-203453,Bakkevej 27,572997.55,6128180.72,public,26576000
A-209309,Birkevej 22,564737.75,6346722.06,residential,20471000
A-213593,Birkevej 21,564368.05,6239387.44,residential,9262000
A-214184,Kirkevej 90,542760.25,6257282.11,public,34814000
A-202541,Kirkevej 4,555466.64,6115926.59,commercial,8881000
A-208742,Bakkevej 135,525074.82,6220578.24,residential,21484000
A-212078,Vestergade 15,549796.35,6148520.25,commercial,11305000
A-214295,Soendergade 37,505060.64,6261338.40,agricultural,7966000
A-204827,Stationsvej 116,555429.92,6226499.94,public,3358000
A-214403,Vestergade 90,708949.03,6136895.68,commercial,39494000
A-203852,Toftevej 177,522575.81,6212826.89,residential,27790000
A-209888,Egevej 205,715536.79,6187038.14,residential,20365000
A-211007,Engvej 23,662227.10,6140599.93,commercial,18803000
A-205919,Engvej 5,541797.90,6251920.49,commercial,3128000
A-204833,Birkevej 236,611801.29,6112616.29,industrial,29028000
A-207824,Toftevej 205,514578.28,6195646.42,residential,32651000
A-213209,Vestergade 71,549403.04,6232930.43,agricultural,16519000
A-203390,Kirkevej 73,638055.65,6140229.76,residential,33896000
A-207959,Havnegade 143,702873.96,6148873.64,residential,13849000
A-204725,Moellevej 209,541127.38,6285677.67,commercial,7806000
A-209639,Stationsvej 95,718548.61,6175135.32,industrial,3600000
A-201977,Kirkevej 119,549182.46,6148174.48,residential,14119000
A-210431,Lindevej 87,575800.23,6256492.98,commercial,12849000
A-212120,Noerregade 215,594162.93,6153618.32,public,32371000
A-213410,Lindevej 132,704770.09,6207608.38,agricultural,11329000
A-205382,Strandvej 237,659709.21,6172421.36,agricultural,17798000
A-213791,Skovvej 43,704024.46,6161796.59,commercial,23477000
A-203003,Birkevej 53,724355.39,6209219.46,commercial,2002000
A-213890,Engvej 172,725382.49,6193104.78,residential,40359000
A-201068,Kirkevej 11,718718.80,6190268.93,residential,17964000
A-210578,Strandvej 205,558398.64,6372775.27,agricultural,9356000
A-204179,Toftevej 142,695285.80,6151450.82,residential,19728000
A-212723,Bakkevej 240,661515.74,6143500.10,industrial,12424000
A-213881,Skovvej 223,632401.66,6196875.96,residential,15573000
A-210920,Toftevej 80,534325.14,6254959.21,commercial,21765000
A-206747,Toftevej 193,643351.41,6160950.78,public,13891000
A-203207,Kirkevej 107,720871.16,6169307.76,commercial,20900000
A-207560,Noerregade 110,714718.65,6212870.17,agricultural,9178000
A-209027,Stationsvej 44,499257.71,6221110.93,industrial,3172000
A-200006,Stationsvej 80,690297.35,6136434.80,commercial,11491000
A-200957,Stationsvej 188,501530.20,6251824.40,industrial,14590000
A-209723,Skovvej 6,703532.15,6199437.53,commercial,34013000
A-212231,Birkevej 108,715699.81,6172907.49,commercial,28118000
A-208019,Kirkevej 51,696056.90,6181575.81,residential,18760000
A-209711,Strandvej 240,592971.72,6121666.45,residential,41737000
A-205448,Havnegade 147,699548.63,6154797.40,residential,17909000
A-213065,Strandvej 79,723421.13,6202401.11,residential,17268000
A-214091,Bakkevej 86,526642.40,6245948.56,commercial,25190000
A-212216,Lindevej 189,577660.09,6263203.53,commercial,29325000
A-207320,Aavej 92,578124.10,6204079.37,commercial,26807000
A-201668,Havnegade 224,698953.59,6175872.82,commercial,32084000
A-208787,Birkevej 92,700313.00,6170706.82,public,40321000
A-205793,Aavej 26,560262.39,6227313.38,commercial,33846000
A-211019,Lindevej 81,699213.92,6188360.69,residential,19523000
A-212867,Lindevej 40,659696.41,6168419.47,commercial,6416000
A-214871,Toftevej 6,548626.04,6260367.53,public,24252000
A-213809,Skovvej 51,713127.62,6177890.45,commercial,26351000
A-212159,Skovvej 168,546076.78,6341566.73,commercial,6543000
A-205628,Aavej 144,720073.55,6216861.66,residential,38554000
A-208544,Bakkevej 111,710326.82,6161208.71,public,35065000
A-211199,Stationsvej 109,703442.93,6201106.01,public,15001000
A-202916,Kirkevej 226,570715.41,6153100.05,agricultural,8177000
A-205574,Engvej 88,667040.52,6158046.40,industrial,31907000
A-206618,Lindevej 155,670616.51,6166798.64,residential,2039000
A-206552,Engvej 182,575332.66,6270902.50,industrial,1993000
A-206639,Stationsvej 213,680066.15,6152918.15,residential,22973000
A-200090,Havnegade 218,508862.74,6222301.20,industrial,10348000
A-213650,Aavej 56,523274.63,6237158.42,industrial,6475000
A-205034,Bakkevej 105,639129.97,6199339.50,residential,18561000
A-210473,Birkevej 80,573575.19,6231281.34,residential,40590000
A-203903,Kirkevej 92,575277.02,6239043.24,residential,35685000
A-210608,Havnegade 208,557134.19,6112378.27,residential,18718000
A-205379,Bakkevej 16,565053.43,6230405.28,agricultural,2414000
A-210299,Aavej 5,714411.84,6206943.07,public,15326000
A-200669,Soendergade 68,715338.42,6168434.75,public,9218000
A-207242,Toftevej 136,653770.04,6141924.03,residential,14714000
A-207653,Engvej 228,576638.60,6270623.98,residential,1078000
A-206351,Egevej 147,582914.60,6153992.62,public,39087000
A-213695,Egevej 132,718739.25,6216331.20,residential,31674000
A-204587,Engvej 48,594164.90,6160060.29,residential,888000
A-207944,Stationsvej 130,505361.79,6259483.75,residential,37738000
A-206861,Soendergade 147,651856.00,6120841.53,public,8432000
A-204407,Engvej 148,704916.63,6191946.06,agricultural,38308000
A-206525,Birkevej 183,614676.41,6120752.70,residential,30011000
A-204623,Vestergade 223,719713.35,6214822.78,residential,5351000
A-206744,Bakkevej 186,502786.77,6222937.36,agricultural,10131000
A-201656,Skovvej 56,605369.08,6124898.78,commercial,2160000
A-202487,Aavej 239,697840.19,6136605.24,industrial,7552000
A-202301,Moellevej 188,514387.91,6280261.01,agricultural,31283000
A-209837,Moellevej 1,562865.86,6126278.91,residential,35013000
A-206636,Stationsvej 6,575056.15,6103757.18,residential,23741000
A-214508,Toftevej 157,713904.67,6199102.07,commercial,14842000
A-208073,Bakkevej 174,712469.27,6178544.35,public,7822000
A-212999,Kirkevej 26,720687.99,6204272.47,residential,34914000
A-209249,Aavej 131,698668.97,6158845.29,industrial,11423000
A-200555,Havnegade 183,691279.01,6134245.31,public,40323000
A-207749,Havnegade 237,581896.96,6231262.25,agricultural,27197000
A-214379,Strandvej 164,578096.87,6272856.17,industrial,34708000
A-207923,Kirkevej 31,706392.51,6137260.35,residential,2061000
A-204212,Aavej 102,714614.74,6171814.08,commercial,12723000
A-212108,Noerregade 57,667204.33,6126083.85,commercial,5517000
A-204683,Engvej 116,591977.79,6163643.49,commercial,36293000
A-214676,Moellevej 43,674044.35,6182646.41,public,36039000
A-203312,Skovvej 166,709721.80,6206097.42,agricultural,2050000
A-200549,Aavej 80,571433.14,6192284.77,industrial,13836000
A-200135,Aavej 217,719087.34,6195260.35,agricultural,28605000
A-208697,Lindevej 159,567996.76,6104701.43,public,4380000
A-211832,Stationsvej 75,565095.24,6320243.89,residential,16333000
A-204680,Havnegade 16,715334.31,6183261.46,agricultural,3350000
A-201392,Egevej 119,549247.29,6307555.18,residential,3859000
A-212891,Skovvej 144,722728.35,6164378.47,residential,35736000
A-211028,Skovvej 187,728057.93,6185039.50,commercial,19944000
A-204791,Aavej 190,564550.87,6228340.23,industrial,34216000
A-206537,Bakkevej 80,542821.54,6206627.31,industrial,20553000
A-208211,Aavej 103,480314.89,6175199.23,residential,3498000
A-212756,Lindevej 128,704160.33,6206176.73,public,1338000
A-201629,Birkevej 134,590165.52,6310011.18,commercial,37480000
A-212495,Lindevej 237,541436.65,6292836.79,residential,25369000
A-200252,Vestergade 98,665867.03,6190076.48,agricultural,33588000
A-202121,Moellevej 203,661898.27,6131057.88,industrial,36925000
A-206153,Strandvej 214,570879.31,6216936.35,agricultural,41957000
A-207566,Kirkevej 174,521564.62,6204510.59,commercial,27568000
A-203228,Birkevej 54,541311.19,6195402.84,residential,23891000
A-213173,Lindevej 113,645538.99,6150719.37,residential,31251000
A-201590,Skovvej 162,683999.90,6150029.99,agricultural,12007000
A-214322,Noerregade 17,638746.79,6116563.82,agricultural,33706000
A-206066,Aavej 132,613315.07,6103547.62,residential,3054000
A-206588,Noerregade 136,696754.33,6204887.27,residential,11856000
A-208637,Egevej 108,705251.84,6214955.40,residential,14037000
A-206819,Birkevej 132,586068.09,6259958.43,public,25237000
A-209633,Havnegade 171,512380.60,6264778.85,residential,32305000
A-201044,Moellevej 7,719683.45,6168695.35,commercial,37086000
A-208892,Skovvej 78,551974.51,6120925.37,residential,16665000
A-206699,Vestergade 80,586822.85,6115292.50,residential,17537000
A-214103,Vestergade 147,659107.63,6181948.22,commercial,1536000
A-201698,Stationsvej 70,587449.05,6377387.41,residential,25465000
A-201860,Lindevej 12,552715.24,6208176.95,residential,18262000
A-200312,Kirkevej 232,709253.09,6195027.90,residential,19039000
A-206720,Strandvej 71,712372.73,6203364.61,residential,22834000
A-207263,Toftevej 79,613956.96,6123977.82,residential,37276000
A-202727,Stationsvej 223,721192.55,6167839.23,industrial,24521000
A-206258,Skovvej 205,727887.79,6204905.42,industrial,6281000
A-214340,Lindevej 168,664753.08,6125909.30,public,29575000
A-208976,Skovvej 9,649032.00,6117764.22,public,3671000
A-202211,Havnegade 135,518473.52,6290758.10,commercial,10178000
A-202988,Kirkevej 95,592984.09,6330383.22,residential,17461000
A-200735,Aavej 233,565501.40,6197331.19,residential,18926000
A-210479,Birkevej 69,543769.98,6309232.61,commercial,11072000
A-212069,Stationsvej 130,689543.71,6148072.09,industrial,11699000
A-214595,Vestergade 150,542192.58,6221355.29,residential,6678000
A-213188,Noerregade 227,568619.79,6257062.38,industrial,38245000
A-209756,Soendergade 156,491508.34,6292645.69,agricultural,26092000
A-209876,Kirkevej 216,725234.69,6208562.28,commercial,37960000
A-205310,Strandvej 109,544609.40,6330892.34,agricultural,16272000
A-212450,Aavej 17,580755.68,6110022.42,residential,17461000
A-203096,Stationsvej 25,720832.40,6174251.77,agricultural,3470000
A-200984,Birkevej 180,540120.47,6215932.72,industrial,14951000
A-207266,Strandvej 70,610191.80,6131812.83,commercial,33152000
A-205781,Havnegade 34,509935.52,6256687.04,agricultural,29379000
A-202364,Havnegade 216,718432.64,6177635.97,agricultural,35163000
A-200381,Engvej 157,713635.37,6163781.12,agricultural,13940000
A-207332,Toftevej 189,722294.82,6180494.29,residential,18579000
A-209537,Lindevej 33,557822.50,6194748.08,residential,8919000
A-203060,Aavej 146,697820.98,6122294.60,residential,5657000
A-212615,Egevej 218,710694.52,6196200.07,residential,40187000
A-212270,Birkevej 54,717384.58,6175786.31,commercial,14892000
A-209873,Aavej 4,702704.47,6213848.82,public,18833000
A-213245,Kirkevej 8,698562.18,6202815.07,agricultural,11036000
A-213266,Egevej 40,699976.41,6189383.86,public,39848000
A-212285,Stationsvej 21,695086.55,6193336.99,residential,37193000
A-204230,Bakkevej 86,549655.75,6240336.38,public,41443000
A-213371,Moellevej 45,582646.41,6111763.39,commercial,29792000
A-212747,Bakkevej 189,509856.96,6248026.09,residential,19982000
A-211481,Aavej 36,593553.43,6341811.24,industrial,20734000
A-201359,Skovvej 176,541502.52,6182851.87,residential,2677000
A-202394,Noerregade 139,541324.91,6196515.06,public,35544000
A-212264,Stationsvej 83,718000.12,6193805.40,industrial,11786000
A-211532,Kirkevej 56,505499.76,6181436.30,residential,3020000
A-214832,Aavej 171,699479.73,6171535.42,residential,25964000
A-214514,Skovvej 118,506447.42,6209211.22,public,537000
A-207371,Stationsvej 15,700233.79,6168308.03,agricultural,8992000
A-205145,Strandvej 198,554052.99,6196790.38,commercial,38047000
A-205655,Vestergade 99,724849.72,6178836.75,public,26519000
A-208868,Moellevej 150,541462.00,6252076.81,residential,14636000
A-206657,Bakkevej 27,508617.73,6088178.30,commercial,31153000
A-209603,Noerregade 183,572396.18,6253802.26,residential,32489000
A-202352,Engvej 27,513838.04,6345379.01,residential,15822000
A-211658,Stationsvej 198,725822.91,6180662.91,residential,28905000
A-200468,Bakkevej 154,559209.15,6339923.21,residential,37428000
A-213563,Noerregade 118,698298.62,6213618.47,commercial,8573000
A-207326,Soendergade 224,707654.85,6180146.63,industrial,41316000
A-200741,Lindevej 118,638865.51,6150398.40,residential,19380000
A-204107,Stationsvej 130,724318.16,6217287.48,public,23240000
A-202409,Moellevej 121,675982.33,6116964.50,commercial,15090000
A-212411,Moellevej 153,727761.34,6177405.20,agricultural,21973000
A-204413,Strandvej 56,690442.53,6119806.73,residential,12356000
A-205178,Aavej 139,639581.01,6125541.27,residential,4554000
A-202739,Stationsvej 145,725713.62,6188120.05,residential,24826000
A-210656,Toftevej 81,609954.08,6152713.02,commercial,40955000
A-204659,Skovvej 133,704808.28,6166858.32,residential,2303000
A-200099,Havnegade 143,720857.27,6162331.21,industrial,36230000
A-200174,Moellevej 53,479431.05,6264201.37,residential,23574000
A-201227,Birkevej 172,580897.43,6098911.33,residential,5291000
A-205904,Toftevej 179,702411.66,6178900.92,residential,15445000
A-213920,Birkevej 21,548458.16,6269484.91,residential,7986000
A-208148,Lindevej 200,720891.23,6177694.06,residential,38721000
A-207038,Bakkevej 127,711410.90,6163486.13,residential,36528000
A-209612,Kirkevej 3,717696.24,6163885.46,residential,643000
A-207470,Toftevej 161,541250.25,6244636.89,commercial,21258000
A-206231,Kirkevej 214,565210.12,6200453.87,agricultural,8170000
A-209447,Noerregade 60,708222.64,6193856.21,residential,18608000
A-207734,Stationsvej 2,715773.22,6168685.24,residential,19868000
A-206666,Soendergade 74,549404.44,6115771.79,residential,40561000
A-211004,Lindevej 221,561796.18,6200416.12,industrial,26487000
A-209972,Aavej 11,711139.56,6207106.42,agricultural,6685000
A-204497,Engvej 185,704489.09,6203535.45,public,11661000
A-201626,Noerregade 206,689846.06,6190804.67,residential,19451000
A-206078,Strandvej 155,537086.87,6246774.49,residential,9374000
A-207473,Soendergade 127,562438.02,6205525.76,commercial,10232000
A-214724,Kirkevej 187,542171.62,6149833.23,industrial,36958000
A-211817,Bakkevej 130,604380.63,6131963.79,residential,39945000
A-208979,Skovvej 95,480381.03,6243438.54,residential,18507000
A-212597,Aavej 124,659478.71,6151266.86,residential,9129000
A-208118,Soendergade 160,582081.49,6132890.60,residential,30822000
A-207293,Soendergade 97,709820.29,6190314.64,residential,37538000
A-209402,Egevej 38,720086.72,6166009.65,residential,28556000
A-204245,Strandvej 140,712628.30,6194819.90,agricultural,36485000
A-210092,Engvej 69,707021.54,6194929.67,public,23374000
A-206921,Vestergade 240,676917.64,6193720.05,residential,15270000
A-207287,Birkevej 19,701324.04,6176522.98,residential,15341000
A-213734,Soendergade 156,475685.80,6268191.08,residential,16214000
A-207455,Birkevej 13,549379.87,6127304.40,agricultural,36110000
A-203009,Engvej 127,722707.24,6204054.11,residential,25735000
A-205472,Soendergade 46,511872.91,6209737.79,residential,6619000
A-212042,Havnegade 6,612299.77,6141597.19,residential,4197000
A-212222,Kirkevej 82,533251.70,6299376.60,agricultural,39351000
A-207173,Strandvej 207,569065.20,6370326.82,residential,40624000
A-203924,Soendergade 186,572743.35,6368789.74,residential,38506000
A-212204,Engvej 208,523476.60,6311772.66,residential,38714000
A-208451,Stationsvej 185,714538.63,6196190.07,industrial,31388000
A-204635,Havnegade 187,528108.28,6079757.79,residential,24131000
A-204032,Skovvej 46,579888.49,6120975.21,public,19624000
A-204866,Strandvej 55,727000.31,6200152.90,public,29400000
A-206960,Birkevej 85,582452.43,6166783.56,industrial,13024000
A-208958,Engvej 178,537577.87,6262466.37,commercial,13689000
A-207425,Noerregade 146,519195.29,6355881.95,public,28736000
A-200462,Toftevej 221,576114.02,6253440.93,residential,3697000
A-201851,Engvej 160,701210.89,6185998.86,public,10806000
A-209411,Egevej 169,722831.75,6183086.37,residential,4143000
A-204908,Strandvej 166,549913.27,6158196.82,agricultural,6841000
A-208016,Toftevej 53,716288.10,6203325.90,residential,31516000
A-200882,Bakkevej 62,557119.04,6333199.15,residential,9226000
A-207533,Stationsvej 81,582697.54,6148955.46,residential,12403000
A-210062,Lindevej 204,524993.79,6344404.63,residential,40767000
A-200336,Skovvej 130,564958.73,6254057.62,industrial,18214000
A-212345,Toftevej 28,675788.57,6147389.57,agricultural,24856000
A-200876,Engvej 36,567932.94,6344604.98,residential,38478000
A-209384,Skovvej 199,516652.38,6332110.47,industrial,9189000
A-212507,Toftevej 234,719996.82,6171782.84,residential,40240000
A-204602,Toftevej 4,541276.15,6201074.11,residential,1663000
A-205676,Lindevej 55,558165.98,6241612.99,industrial,22731000
A-202961,Egevej 174,578612.02,6349584.29,residential,35336000
A-200525,Noerregade 15,561220.78,6127963.04,commercial,26727000
A-201422,Aavej 32,713151.50,6180961.47,commercial,39776000
A-213710,Egevej 93,675723.06,6192051.25,residential,13303000
A-210239,Toftevej 43,699997.59,6173813.45,agricultural,29077000
A-203849,Moellevej 62,578870.11,6229272.89,industrial,39002000
A-208229,Egevej 119,537818.16,6199652.98,industrial,11285000
A-205394,Egevej 240,595932.46,6307439.56,industrial,27547000
A-212006,Bakkevej 15,480330.49,6177881.61,agricultural,11405000
A-205616,Bakkevej 133,705857.71,6164092.21,residential,23571000
A-202106,Soendergade 24,716784.29,6204148.02,agricultural,16645000
A-214397,Bakkevej 73,549046.79,6207550.95,residential,5046000
A-205820,Strandvej 165,725121.39,6161950.95,industrial,29277000
A-202883,Kirkevej 19,545476.61,6207662.74,residential,8179000
A-209534,Noerregade 118,553198.95,6208333.08,public,32724000
A-212690,Vestergade 209,703957.78,6166003.96,commercial,17453000
A-202370,Soendergade 142,550591.82,6087002.21,residential,8381000
A-203615,Lindevej 184,566185.51,6146326.16,commercial,39031000
A-201614,Noerregade 66,570500.41,6162913.16,public,41062000
A-205469,Noerregade 216,580933.11,6110620.72,public,30285000
A-205601,Lindevej 229,711147.42,6169325.63,agricultural,23016000
A-212336,Soendergade 124,707045.88,6197598.07,industrial,37198000
A-202025,Bakkevej 100,576210.57,6239063.75,industrial,34084000
A-201926,Engvej 91,635610.58,6121678.73,industrial,28137000
A-206324,Vestergade 160,710595.52,6215042.38,commercial,40339000
A-202826,Engvej 97,538584.87,6210061.04,industrial,5665000
A-214448,Stationsvej 56,726714.93,6173656.52,residential,20666000
A-202193,Havnegade 69,725877.90,6182767.35,industrial,32506000
A-212789,Stationsvej 71,498623.23,6175589.26,agricultural,31227000
A-206219,Toftevej 135,601431.03,6136810.91,residential,35002000
A-213350,Egevej 223,684089.26,6172363.17,residential,37785000
A-204734,Engvej 39,536223.09,6332728.10,residential,14068000
A-212837,Bakkevej 215,560514.62,6369624.78,agricultural,28377000
A-202202,Birkevej 114,701912.08,6200204.60,commercial,12649000
A-201308,Birkevej 132,522979.04,6173546.14,commercial,40640000
A-205991,Skovvej 138,578841.84,6210178.01,residential,35853000
A-202046,Lindevej 166,702708.99,6206625.25,commercial,5497000
A-214220,Strandvej 205,565614.31,6138189.01,residential,32685000
A-204056,Birkevej 201,610712.21,6128446.74,commercial,19798000
A-204764,Egevej 162,712787.28,6191719.17,residential,39121000
A-212819,Soendergade 205,660728.13,6189841.38,residential,14555000
A-207020,Skovvej 204,709581.27,6177431.49,industrial,40274000
A-205931,Stationsvej 104,690207.66,6137443.68,commercial,26601000
A-214355,Lindevej 65,549771.51,6261692.88,public,3035000
A-200804,Havnegade 181,520028.79,6227002.56,commercial,27375000
A-211400,Lindevej 130,721386.24,6182361.44,agricultural,38914000
A-209306,Kirkevej 123,547307.30,6162397.05,residential,31614000
A-214826,Aavej 187,688853.07,6203501.35,commercial,40112000
A-201428,Vestergade 36,726094.59,6177442.05,residential,35495000
A-212750,Lindevej 140,697625.92,6210170.65,public,7311000
A-214775,Birkevej 51,724402.78,6205673.00,industrial,37155000
A-201542,Egevej 117,496553.98,6299690.94,commercial,17658000
A-208286,Aavej 31,496785.32,6280443.63,residential,24847000
A-202355,Skovvej 144,660706.80,6132665.24,residential,15651000
A-213683,Havnegade 199,641554.65,6140420.01,agricultural,34899000
A-206174,Strandvej 31,649234.69,6155590.45,residential,36716000
A-208766,Bakkevej 76,521164.71,6302253.21,residential,27071000
A-209690,Aavej 4,525429.86,6339775.62,commercial,40714000
A-204629,Soendergade 98,576941.24,6215882.20,residential,16826000
A-210002,Kirkevej 174,547882.31,6314352.32,public,14327000
A-200951,Vestergade 6,704237.13,6165610.17,residential,7339000
A-208682,Moellevej 212,502851.60,6083830.57,residential,36176000
A-212897,Egevej 66,721256.22,6216702.03,commercial,30646000
A-210938,Skovvej 130,723779.18,6185359.83,agricultural,30209000
A-200510,Moellevej 194,550354.68,6205629.87,public,12671000
A-211043,Stationsvej 217,699776.75,6177019.34,residential,32467000
A-207290,Lindevej 146,559569.39,6314502.33,commercial,8729000
A-205625,Lindevej 200,486964.09,6193689.03,commercial,38717000
A-207698,Bakkevej 6,654117.60,6164691.41,residential,12459000
A-203123,Lindevej 156,549076.18,6245411.70,commercial,34651000
A-208598,Havnegade 161,699910.12,6190163.94,residential,23275000
A-204524,Strandvej 224,659569.22,6197033.01,residential,40455000
A-203369,Lindevej 42,714860.65,6212859.22,residential,36384000
A-208604,Kirkevej 184,577969.05,6327048.64,residential,37960000
A-203558,Bakkevej 141,552434.38,6262640.02,agricultural,13541000
A-214073,Toftevej 45,573976.00,6371870.72,residential,19429000
A-203582,Moellevej 123,701136.77,6175747.79,residential,22199000
A-206423,Egevej 231,540769.10,6362472.96,residential,19318000
A-208754,Havnegade 155,491598.96,6264222.62,residential,6524000
A-209126,Moellevej 12,552877.48,6249630.35,industrial,30114000
A-209159,Havnegade 13,536606.70,6300022.20,commercial,1554000
A-208865,Lindevej 117,665109.80,6141680.21,residential,27130000
A-206480,Strandvej 72,539775.31,6251890.12,residential,2841000
A-203627,Stationsvej 90,715406.34,6194638.57,industrial,700000
A-203693,Egevej 96,719044.43,6199352.46,commercial,2431000
A-204401,Moellevej 62,597379.54,6112911.19,residential,22828000
A-207608,Toftevej 19,592392.49,6316982.94,residential,37755000
A-214907,Lindevej 52,539479.52,6299824.62,commercial,21293000
A-211208,Toftevej 57,481580.33,6107790.19,industrial,14585000
A-204266,Skovvej 100,724614.17,6207848.13,commercial,38912000
A-208085,Skovvej 114,698512.79,6200635.33,industrial,29326000
A-200900,Lindevej 221,704588.57,6213565.40,agricultural,28274000
A-212720,Lindevej 31,560047.24,6224169.54,agricultural,35929000
A-203726,Soendergade 194,720734.05,6195562.53,public,31311000
A-204905,Vestergade 207,652923.61,6197707.46,public,36916000
A-207905,Skovvej 103,556099.12,6218923.99,residential,1463000
A-203201,Soendergade 76,539499.77,6243057.48,residential,29690000
A-204920,Havnegade 93,518827.99,6250515.26,public,18929000
A-200648,Aavej 178,542352.00,6205877.60,industrial,15509000
A-211886,Kirkevej 174,523128.54,6334271.92,residential,7430000
A-205163,Stationsvej 161,537466.16,6267710.63,commercial,24504000
A-201989,Strandvej 197,577519.05,6225629.70,agricultural,27683000
A-212456,Lindevej 99,722363.91,6186584.08,public,9289000
A-202586,Havnegade 117,533237.71,6339660.48,residential,6234000
A-203309,Stationsvej 146,522508.49,6221680.81,residential,34973000
A-211310,Noerregade 185,586890.42,6226367.34,commercial,35228000
A-208007,Strandvej 189,557518.32,6231798.01,public,40831000
A-208361,Moellevej 150,516544.87,6276978.48,residential,21881000
A-214202,Noerregade 4,512565.44,6268423.06,public,35123000
A-207434,Lindevej 210,700193.32,6165784.94,public,10389000
A-213515,Toftevej 193,576110.92,6260416.61,agricultural,38861000
A-206672,Strandvej 34,718980.91,6197331.63,agricultural,34837000
A-207134,Vestergade 217,723174.69,6197699.72,public,30571000
A-203651,Egevej 116,573079.12,6237064.74,residential,26833000
A-209555,Noerregade 30,524180.39,6138395.46,residential,25724000
A-210257,Stationsvej 213,529193.08,6138259.51,residential,36553000
A-214094,Kirkevej 233,633328.58,6187333.58,commercial,10686000
A-209471,Toftevej 234,722748.86,6210896.70,residential,20031000
A-203054,Soendergade 163,550104.16,6101491.20,agricultural,32122000
A-211511,Vestergade 29,713250.19,6173287.89,public,21682000
A-201644,Moellevej 113,567855.32,6266085.54,residential,18897000
A-203882,Toftevej 46,718280.77,6210310.64,agricultural,8480000
A-214010,Birkevej 19,557975.31,6116896.94,residential,3546000
A-207353,Aavej 62,701908.24,6187551.47,industrial,19705000
A-204731,Toftevej 121,549242.31,6211717.86,industrial,4205000
A-206708,Egevej 109,704425.64,6191461.98,residential,27559000
A-214199,Moellevej 19,705344.51,6184181.21,agricultural,20471000
A-207623,Stationsvej 138,725412.15,6204437.05,commercial,9621000
A-205805,Egevej 187,720125.96,6208586.43,residential,39661000
A-209234,Skovvej 161,707314.70,6175459.52,commercial,35562000
A-210371,Soendergade 221,721189.40,6175930.21,agricultural,3231000
A-212294,Birkevej 67,711394.42,6169584.16,public,19435000
A-211514,Strandvej 228,484111.71,6110307.40,residential,41995000
A-206111,Birkevej 206,581619.93,6343878.01,commercial,37811000
A-207812,Havnegade 172,561214.02,6209170.99,residential,40839000
A-200024,Aavej 168,494227.22,6107569.40,public,4632000
A-205283,Havnegade 176,702902.51,6155898.43,residential,24712000
A-208706,Birkevej 161,558520.80,6215937.94,commercial,5806000
A-203747,Kirkevej 183,558987.73,6207437.63,public,7032000
A-201089,Strandvej 162,726564.68,6165930.40,industrial,23738000
A-200042,Stationsvej 47,656495.34,6171799.57,residential,41464000
A-204047,Soendergade 159,639017.08,6176966.92,residential,5273000
A-206816,Birkevej 43,515391.75,6155451.56,residential,14917000
A-207869,Birkevej 94,639276.75,6117729.24,residential,21890000
A-208658,Stationsvej 64,704209.40,6197160.71,public,8027000
A-210116,Egevej 204,576144.17,6148060.35,residential,12506000
A-212657,Lindevej 167,501659.97,6271173.98,agricultural,13367000
A-202970,Vestergade 55,547031.54,6139842.79,residential,34764000
A-209378,Aavej 123,720446.11,6172179.93,agricultural,31255000
A-201407,Lindevej 149,557609.36,6258815.87,residential,2866000
A-207797,Bakkevej 132,726133.78,6194588.58,residential,17779000
A-207842,Soendergade 23,558983.76,6225836.84,residential,7487000
A-201974,Aavej 54,557785.44,6124419.42,commercial,41505000
A-202049,Stationsvej 31,718067.52,6203341.20,residential,10090000
A-202946,Stationsvej 176,718138.43,6212743.68,residential,13732000
A-206891,Vestergade 104,724145.76,6164122.35,public,11853000
A-211223,Stationsvej 93,686691.30,6145266.23,commercial,28949000
A-208460,Lindevej 20,556720.98,6194636.44,industrial,6026000
A-200789,Toftevej 184,582583.86,6250402.32,commercial,11629000
A-200366,Engvej 233,568945.38,6345585.43,residential,18883000
A-204077,Vestergade 219,724251.66,6167856.58,residential,18645000
A-207863,Kirkevej 96,700909.59,6171303.11,commercial,14964000
A-210218,Vestergade 169,719142.62,6186262.81,residential,666000
A-214208,Lindevej 189,716143.20,6176898.89,industrial,31287000
A-210533,Moellevej 82,709315.08,6135684.17,industrial,41528000
A-209984,Lindevej 219,546232.53,6269580.77,residential,37503000
A-211502,Vestergade 171,704729.78,6204354.25,residential,39145000
A-207401,Engvej 211,494619.13,6255652.20,industrial,27249000
A-214250,Strandvej 201,726045.41,6193825.38,agricultural,12769000
A-212342,Soendergade 151,650746.30,6191677.42,residential,22065000
A-212870,Noerregade 116,703394.04,6173285.91,industrial,9806000
A-209966,Vestergade 86,723692.85,6202950.67,agricultural,23025000
A-210209,Bakkevej 32,541558.72,6380438.93,industrial,40010000
A-202340,Lindevej 82,561947.82,6160472.27,residential,37811000
A-203234,Strandvej 200,616179.88,6135875.70,commercial,31874000
A-213119,Bakkevej 196,576147.23,6240547.53,public,40820000
A-210710,Moellevej 206,521691.37,6292430.83,residential,40746000
A-211169,Noerregade 183,579557.34,6122837.36,industrial,33461000
A-200702,Toftevej 57,690068.68,6180717.92,commercial,38913000
A-214553,Aavej 91,727623.80,6173089.76,agricultural,5200000
A-204251,Skovvej 9,490306.14,6203235.43,residential,33624000
A-204707,Soendergade 34,725713.85,6210596.92,industrial,17195000
A-213854,Birkevej 238,571467.03,6349659.79,residential,3737000
A-204404,Vestergade 150,563955.63,6205339.67,commercial,6202000
A-204911,Havnegade 149,572690.18,6224819.01,industrial,34050000
A-209138,Stationsvej 188,694581.64,6203701.92,residential,712000
A-212330,Bakkevej 155,720103.63,6211327.90,agricultural,2363000
A-209852,Moellevej 54,700789.00,6171038.12,residential,24296000
A-208535,Noerregade 193,526799.32,6257447.70,industrial,764000
A-200231,Egevej 130,497364.91,6262924.95,public,20421000
A-209327,Bakkevej 145,545370.92,6197138.62,commercial,41424000
A-203282,Havnegade 73,579420.73,6145886.69,residential,16107000
A-213482,Toftevej 194,504154.25,6283034.22,residential,3371000
A-207383,Havnegade 234,582721.79,6108860.11,agricultural,5728000
A-206501,Toftevej 97,615378.84,6148633.04,residential,25438000
A-213128,Havnegade 162,713880.95,6166102.90,public,1214000
A-210962,Vestergade 98,533657.53,6377503.62,agricultural,33621000
A-208478,Aavej 65,673162.75,6147626.73,residential,3046000
A-208715,Birkevej 121,708459.92,6198212.57,residential,37921000
A-207656,Toftevej 148,648468.80,6125207.63,public,21602000
A-205004,Engvej 41,644527.88,6136800.00,residential,26737000
A-202892,Bakkevej 79,538637.02,6200617.62,public,38387000
A-204356,Engvej 102,533631.62,6288177.65,industrial,29982000
A-209510,Lindevej 38,539773.15,6209937.62,residential,26350000
A-208172,Stationsvej 20,694505.22,6190765.10,commercial,19094000
A-201371,Vestergade 220,727212.66,6214314.81,industrial,3461000
A-213599,Lindevej 65,644467.10,6165339.37,public,41930000
A-214229,Stationsvej 57,704582.41,6204273.55,residential,8895000
A-206309,Kirkevej 106,579200.00,6159280.42,commercial,1615000
A-200660,Birkevej 106,534651.50,6181015.12,agricultural,19352000
A-210110,Engvej 83,582540.32,6223589.55,public,32183000
A-201416,Birkevej 42,518059.15,6303294.17,commercial,27669000
A-212003,Stationsvej 83,695400.95,6175603.95,public,20554000
A-208337,Soendergade 221,488113.14,6184810.83,residential,33979000
A-213323,Vestergade 12,576938.88,6151105.63,industrial,2909000
A-203483,Kirkevej 93,697672.92,6213710.55,residential,9073000
A-205142,Strandvej 11,718955.78,6163699.71,public,21930000
A-203945,Engvej 149,551826.82,6252637.50,industrial,14750000
A-207638,Stationsvej 105,706959.50,6208059.83,residential,31227000
A-207881,Toftevej 140,541679.53,6213642.35,agricultural,19496000
A-213080,Havnegade 111,504582.27,6219638.26,commercial,28432000
A-214247,Toftevej 237,575787.85,6261589.58,residential,30356000
A-210848,Moellevej 10,698660.03,6119766.67,residential,34314000
A-201530,Noerregade 133,566485.49,6254504.79,residential,26180000
A-204515,Bakkevej 219,488546.50,6259120.03,residential,22114000
A-211727,Stationsvej 124,541200.70,6245353.27,public,1818000
A-201506,Noerregade 217,661181.49,6197247.26,agricultural,28697000
A-205778,Stationsvej 192,720632.47,6186057.11,residential,41158000
A-210785,Moellevej 110,668141.67,6176666.97,residential,39485000
A-208814,Egevej 172,544315.37,6204951.44,agricultural,9511000
A-206354,Skovvej 183,683769.86,6156188.48,residential,25494000
A-200552,Noerregade 65,560260.79,6197808.60,residential,13675000
A-205007,Strandvej 78,588394.10,6135013.07,residential,32303000
A-208622,Aavej 35,698576.38,6135612.42,public,28340000
A-203477,Engvej 72,713427.02,6188188.18,commercial,10820000
A-207032,Soendergade 133,571399.51,6326896.85,industrial,2045000
A-204095,Stationsvej 215,505233.60,6279553.39,public,40672000
A-205709,Aavej 68,700069.35,6202225.78,industrial,2578000
A-201536,Egevej 12,568793.33,6190252.39,industrial,8794000
A-203669,Havnegade 105,667233.80,6152072.58,residential,964000
A-211544,Egevej 29,535069.86,6279955.48,industrial,40100000
A-205097,Engvej 30,567757.19,6312263.75,residential,2259000
A-201647,Engvej 39,701678.52,6198589.26,residential,33060000
A-213419,Lindevej 71,712221.13,6197944.91,residential,26655000
A-203552,Stationsvej 97,529309.18,6304611.02,residential,24446000
A-200507,Bakkevej 134,719536.95,6172801.75,residential,4946000
A-203471,Toftevej 54,699384.58,6196801.32,residential,40131000
A-209264,Engvej 197,550410.12,6213038.01,residential,31999000
A-211835,Havnegade 151,547063.71,6211193.87,agricultural,6175000
A-208643,Noerregade 34,587149.71,6205896.86,residential,27138000
A-202457,Kirkevej 56,480674.10,6275581.11,residential,40020000
A-213782,Toftevej 4,540513.94,6190940.51,industrial,1934000
A-210560,Noerregade 237,589204.63,6153182.98,residential,33250000
A-208298,Bakkevej 156,563611.55,6236965.53,residential,10551000
A-201251,Noerregade 205,580863.58,6243804.80,agricultural,2330000
A-200708,Aavej 148,588989.90,6372867.91,public,40231000
A-200489,Soendergade 121,709824.17,6192651.95,residential,9153000
A-203480,Soendergade 47,704553.38,6168999.78,residential,27945000
A-201482,Kirkevej 63,512071.77,6292249.76,residential,27208000
A-206129,Noerregade 78,677682.74,6190962.70,public,27274000
A-208760,Bakkevej 174,565805.92,6119406.88,residential,26672000
A-206108,Bakkevej 216,572789.54,6326608.67,public,7605000
A-209654,Kirkevej 42,714271.34,6177867.54,commercial,6263000
A-202841,Moellevej 240,714712.56,6182057.86,residential,40580000
A-205076,Stationsvej 237,643910.03,6182849.34,residential,16697000
A-209618,Havnegade 94,672880.75,6147123.99,residential,34723000
A-200936,Strandvej 212,720300.61,6176553.17,residential,37809000
A-200651,Vestergade 73,675489.90,6159198.02,commercial,28917000
A-211724,Egevej 64,725500.86,6176827.62,commercial,16058000
A-208454,Engvej 58,659958.54,6132529.68,industrial,28470000
A-203534,Kirkevej 111,709101.08,6169950.68,commercial,13957000
A-208646,Lindevej 34,631400.29,6194065.71,agricultural,14646000
A-203858,Stationsvej 185,517445.39,6192982.38,industrial,26755000
A-202778,Lindevej 74,562763.36,6198330.53,residential,27729000
A-214655,Engvej 221,545459.18,6192536.16,residential,36592000
A-203351,Aavej 238,677630.77,6148426.02,residential,36283000
A-203984,Havnegade 101,699606.25,6153674.38,industrial,37443000
A-201221,Soendergade 12,705658.19,6208103.52,residential,7096000
A-209054,Engvej 45,506105.63,6151904.43,public,2010000
A-212102,Egevej 148,572550.38,6147295.01,agricultural,28023000
A-201554,Bakkevej 214,726099.77,6167924.00,public,41390000
A-208973,Kirkevej 40,703905.08,6215415.04,commercial,22105000
A-214079,Stationsvej 35,724149.88,6195782.36,agricultural,36710000
A-207536,Toftevej 116,566666.59,6199963.05,public,15832000
A-209528,Moellevej 225,543007.57,6231231.23,commercial,31979000
A-210434,Lindevej 113,709683.19,6195842.37,public,10703000
A-211163,Bakkevej 70,701519.07,6211496.46,commercial,454000
A-212879,Kirkevej 83,553049.80,6100730.07,agricultural,37922000
A-208082,Toftevej 115,680640.03,6127403.97,residential,33997000
A-200654,Engvej 209,643758.73,6140849.73,public,11865000
A-205697,Vestergade 209,701273.28,6183848.32,residential,1261000
A-212591,Vestergade 108,558305.24,6258766.86,commercial,7363000
A-200138,Skovvej 11,691221.57,6169003.27,public,8126000
A-204410,Aavej 118,701991.78,6193875.02,residential,34874000
A-214787,Strandvej 54,566361.99,6210222.31,public,39667000
A-211469,Toftevej 17,537392.93,6217153.87,residential,11445000
A-201458,Birkevej 22,551436.98,6200176.24,public,32235000
A-209804,Vestergade 229,601897.54,6151390.74,residential,5184000
A-206675,Egevej 10,479101.17,6264870.82,public,37238000
A-213545,Noerregade 140,694943.71,6199068.63,residential,38895000
A-213320,Birkevej 70,592023.06,6319627.32,industrial,10890000
A-203939,Lindevej 58,674476.02,6193758.41,public,32287000
A-205646,Birkevej 35,716371.36,6187760.86,residential,15975000
A-211913,Engvej 56,578335.08,6215514.93,public,40445000
A-209387,Soendergade 195,480816.87,6248215.12,industrial,34083000
A-206792,Birkevej 64,728336.72,6169965.26,residential,8586000
A-205466,Birkevej 101,720555.36,6182418.02,residential,7353000
A-206864,Havnegade 134,564129.52,6163249.83,public,38035000
A-203441,Strandvej 83,675212.10,6202834.61,commercial,30604000
A-201320,Kirkevej 169,699192.82,6122530.53,industrial,24322000
A-201386,Toftevej 195,723132.95,6184987.11,residential,13057000
A-210086,Moellevej 140,570100.74,6097705.22,agricultural,33564000
A-213653,Birkevej 75,528502.67,6379350.49,residential,33066000
A-201833,Toftevej 158,678897.52,6163947.42,industrial,17762000
A-212258,Noerregade 214,549095.49,6258299.64,agricultural,37404000
A-209789,Lindevej 14,562415.18,6123353.45,residential,12013000
A-205070,Birkevej 111,713936.20,6191340.77,residential,18628000
A-206549,Bakkevej 191,716139.91,6207943.12,residential,15626000
A-202937,Skovvej 196,541494.33,6251769.27,industrial,11817000
A-211496,Strandvej 40,721098.45,6199654.45,agricultural,13010000
A-204854,Egevej 192,576374.42,6108568.91,industrial,30161000
A-207845,Vestergade 104,552431.80,6218371.96,public,24188000
A-204134,Skovvej 38,495402.06,6256913.95,commercial,17017000
A-207938,Strandvej 43,711696.12,6166248.19,residential,21093000
A-207695,Vestergade 162,709003.01,6134523.47,industrial,26747000
A-211850,Stationsvej 197,709800.78,6192254.38,residential,9691000
A-212351,Soendergade 75,575963.99,6270872.83,residential,6960000
A-210545,Skovvej 206,612802.91,6106860.38,commercial,16584000
A-202736,Noerregade 56,517352.97,6306624.04,residential,36540000
A-204035,Toftevej 228,709894.45,6187212.46,agricultural,25218000
A-214274,Stationsvej 188,544332.45,6366393.82,residential,15397000
A-211976,Noerregade 33,563951.52,6190424.01,agricultural,40816000
A-207977,Soendergade 159,523441.71,6192967.57,industrial,9292000
A-203465,Soendergade 121,501398.79,6255211.82,residential,29091000
A-202601,Havnegade 31,471540.51,6085002.03,residential,16519000
A-204860,Toftevej 177,536736.68,6184934.92,industrial,9832000
A-203435,Engvej 179,673755.12,6194261.72,public,4203000
A-202430,Moellevej 77,542382.33,6192375.14,residential,18215000
A-200249,Strandvej 228,713136.13,6176762.55,residential,4236000
A-202643,Toftevej 31,542019.46,6225708.63,residential,22419000
A-211364,Kirkevej 223,633075.76,6178516.10,residential,17616000
A-209012,Aavej 18,559862.24,6108722.69,commercial,29691000
A-202067,Kirkevej 110,486455.55,6228675.88,agricultural,10919000
A-211907,Soendergade 137,726557.65,6181261.21,residential,27224000
A-205169,Moellevej 214,584992.01,6241078.49,residential,24453000
A-208253,Lindevej 132,718430.21,6205012.07,residential,17360000
A-212996,Skovvej 121,714302.61,6201323.38,industrial,7254000
A-205760,Kirkevej 32,708812.93,6210053.99,public,2421000
A-209042,Toftevej 213,529978.07,6332849.32,residential,6113000
A-204560,Vestergade 30,701479.61,6171026.80,residential,28640000
A-213089,Aavej 52,701160.35,6189367.67,public,12852000
A-214238,Birkevej 49,720929.99,6195261.24,industrial,27055000
A-210131,Vestergade 182,668637.28,6153841.94,industrial,4361000
A-210671,Birkevej 11,723616.47,6177853.85,industrial,5309000
A-206126,Birkevej 156,688308.35,6166516.62,residential,23099000
A-210314,Strandvej 224,549552.93,6138832.19,industrial,21741000
A-213665,Havnegade 234,666068.65,6185639.08,residential,32485000
A-214412,Skovvej 36,608863.19,6134356.32,public,33895000
A-210293,Birkevej 49,583508.85,6146607.23,commercial,39269000
A-200972,Engvej 74,636998.38,6168660.22,agricultural,18279000
A-210596,Kirkevej 53,589922.37,6161396.52,commercial,13248000
A-203936,Aavej 137,522886.26,6329428.73,residential,3747000
A-204233,Engvej 185,526446.78,6316722.83,residential,29201000
A-201314,Soendergade 187,517577.59,6254743.90,public,21119000
A-206906,Moellevej 176,538320.02,6245159.22,public,26061000
A-202565,Birkevej 14,616145.23,6152881.18,public,29142000
A-206582,Soendergade 43,538883.40,6208558.17,public,4696000
A-211286,Egevej 187,675862.36,6165757.83,residential,5950000
A-210620,Strandvej 238,597217.48,6107257.82,residential,20085000
A-211592,Soendergade 38,719280.50,6199319.06,commercial,25225000
A-206315,Soendergade 183,566790.94,6195327.93,residential,3913000
A-205088,Soendergade 219,648342.88,6168797.04,residential,22580000
A-204353,Skovvej 28,702932.30,6174213.42,residential,34587000
A-202613,Egevej 126,716382.53,6212230.49,residential,39106000
A-212048,Engvej 82,705228.18,6174418.67,residential,16299000
A-203804,Lindevej 66,709474.64,6205771.88,residential,22073000
A-213002,Strandvej 15,702486.79,6200626.13,industrial,37000000
A-206495,Noerregade 224,561696.98,6097127.80,public,3002000
A-211277,Skovvej 165,480247.98,6228120.57,public,13603000
A-203735,Toftevej 41,559026.27,6249538.14,industrial,2528000
A-214868,Noerregade 179,502302.97,6228365.95,industrial,39616000
A-200711,Egevej 217,555718.35,6207753.94,residential,7410000
A-208391,Vestergade 116,652393.32,6147786.52,residential,25796000
A-207677,Birkevej 175,520278.83,6260645.43,agricultural,8481000
A-212210,Strandvej 214,518364.76,6245527.42,public,38272000
A-204323,Toftevej 14,554553.36,6212658.29,public,32932000
A-210302,Noerregade 144,543241.27,6233710.40,residential,5796000
A-205127,Toftevej 162,513953.91,6180267.63,public,19029000
A-200690,Vestergade 223,707236.97,6175579.83,residential,41815000
A-203792,Egevej 141,670646.58,6119775.43,residential,25473000
A-211034,Havnegade 235,726586.28,6212209.18,residential,3154000
A-205577,Vestergade 136,676583.95,6123584.93,industrial,32838000
A-211820,Aavej 107,557090.06,6253976.85,residential,30433000
A-208160,Bakkevej 184,578875.58,6225311.58,residential,27824000
A-200390,Strandvej 206,582632.98,6216406.82,industrial,41411000
A-209717,Strandvej 63,649086.39,6136547.30,public,40292000
A-214280,Bakkevej 65,719613.17,6188645.23,residential,8164000
A-201281,Havnegade 224,636720.42,6133717.37,commercial,9247000
A-208553,Moellevej 135,700996.09,6192465.71,commercial,26685000
A-205751,Bakkevej 206,712046.01,6174974.54,agricultural,3559000
A-204278,Engvej 107,543071.30,6250491.80,residential,3084000
A-210242,Toftevej 72,565456.17,6244163.29,commercial,23512000
A-201965,Havnegade 51,649343.69,6202875.57,agricultural,35564000
A-208202,Bakkevej 154,579865.75,6202375.90,agricultural,21352000
A-207194,Moellevej 231,478502.03,6207130.33,residential,16882000
A-207671,Kirkevej 166,706163.32,6179838.20,industrial,7527000
A-211037,Strandvej 210,530085.17,6206120.19,industrial,4320000
A-210443,Stationsvej 61,698527.64,6209654.91,residential,7883000
A-211301,Soendergade 143,564743.21,6267344.48,residential,30583000
A-202709,Skovvej 26,710514.89,6208465.27,public,19578000
A-206762,Soendergade 205,673010.47,6179632.69,residential,4003000
A-202556,Engvej 127,553468.74,6242179.37,commercial,9897000
A-202157,Egevej 25,648130.45,6177779.08,commercial,23528000
A-209348,Noerregade 114,701819.75,6176309.06,residential,19570000
A-203225,Noerregade 32,615584.08,6153210.83,residential,37948000
A-214550,Toftevej 97,679943.10,6174098.07,commercial,8927000
A-206804,Lindevej 120,584911.17,6206446.37,agricultural,2374000
A-210389,Lindevej 229,541219.67,6217514.33,residential,3020000
A-201434,Moellevej 133,500330.88,6203491.62,public,32228000
A-203600,Aavej 66,561982.74,6206636.26,residential,27131000
A-205082,Toftevej 103,576257.33,6133265.36,public,25845000
A-207236,Birkevej 191,726559.73,6163133.65,residential,31739000
A-203297,Aavej 118,723920.61,6207261.94,public,6324000
A-200579,Kirkevej 156,519900.35,6134959.19,residential,21312000
A-200102,Egevej 122,566096.92,6232954.93,industrial,19889000
A-201119,Egevej 8,725524.88,6192065.91,public,3506000
A-208937,Noerregade 192,716941.34,6198749.34,industrial,39790000
A-203987,Birkevej 80,492150.66,6219746.58,commercial,25314000
A-213737,Havnegade 156,711764.85,6182557.27,residential,9881000
A-200426,Toftevej 17,583319.98,6265632.99,residential,27230000
A-203246,Engvej 225,575533.99,6150312.98,agricultural,8883000
A-210095,Toftevej 16,565460.60,6253948.88,residential,22249000
A-207476,Bakkevej 125,573971.93,6382577.07,residential,19952000
A-200561,Aavej 203,653112.13,6138662.58,residential,18969000
A-209201,Engvej 98,571743.98,6267432.90,residential,26804000
A-208193,Vestergade 187,725653.41,6194334.22,industrial,1523000
A-206030,Havnegade 146,665504.90,6126046.86,commercial,987000
A-212288,Noerregade 54,512751.07,6127908.34,agricultural,37953000
A-202514,Moellevej 181,723359.88,6213544.00,industrial,36212000
A-204368,Bakkevej 152,560056.35,6244218.01,residential,11052000
A-201881,Noerregade 58,715325.68,6197872.72,residential,13800000
A-208928,Aavej 42,721406.93,6201241.15,commercial,16596000
A-206630,Aavej 94,650461.40,6154001.28,industrial,5464000
A-205022,Soendergade 107,583761.97,6118051.68,residential,32521000
A-207104,Moellevej 155,485924.12,6231890.39,industrial,9096000
A-202385,Egevej 225,564170.10,6271397.18,residential,33411000
A-210842,Skovvej 53,550714.80,6193552.18,residential,26000000
A-204059,Aavej 142,709573.09,6187444.50,residential,3708000
A-201203,Toftevej 105,702378.11,6214631.84,public,9092000
A-202610,Kirkevej 74,584665.19,6366148.03,commercial,23169000
A-214151,Toftevej 40,671192.36,6197721.51,residential,2103000
A-214511,Stationsvej 188,585159.58,6217483.31,agricultural,16294000
A-200894,Vestergade 125,663822.43,6161068.66,agricultural,37901000
A-204110,Kirkevej 201,583359.99,6196755.69,commercial,36459000
A-213662,Skovvej 145,726001.88,6196744.43,agricultural,3040000
A-209033,Kirkevej 193,579846.32,6243146.40,residential,30457000
A-206840,Engvej 155,574286.36,6195564.53,commercial,26675000
A-200786,Moellevej 54,641828.34,6197021.02,commercial,38274000
A-206408,Havnegade 174,709681.97,6195976.97,agricultural,36356000
A-200207,Egevej 28,535844.51,6166271.91,agricultural,31252000
A-203252,Aavej 225,505663.87,6082391.80,public,824000
A-210761,Egevej 117,568784.90,6254344.52,agricultural,2996000
A-205442,Moellevej 31,715122.80,6164313.11,residential,28682000
A-212648,Vestergade 163,610616.37,6113180.90,residential,9573000
A-214670,Egevej 171,696309.12,6190077.32,industrial,23340000
A-206063,Toftevej 3,726989.95,6174401.04,industrial,37695000
A-205109,Birkevej 51,702701.34,6117415.72,agricultural,15010000
A-208448,Egevej 148,542409.46,6290680.31,residential,15777000
A-203177,Egevej 61,477254.02,6217895.31,residential,41439000
A-210725,Birkevej 219,477507.04,6298784.55,residential,15130000
A-213608,Egevej 55,477159.86,6208750.36,residential,37350000
A-212021,Toftevej 115,688099.94,6203990.33,residential,23486000
A-204143,Stationsvej 205,726422.43,6210250.86,public,18139000
A-209951,Aavej 220,500010.18,6258151.63,residential,12713000
A-203099,Toftevej 133,716945.27,6195616.15,residential,25790000
A-205349,Moellevej 202,667281.07,6115099.46,public,29517000
A-206291,Engvej 82,538203.10,6316140.86,residential,39294000
A-210413,Stationsvej 228,571572.22,6199279.94,public,1067000
A-214592,Skovvej 205,662157.82,6145972.57,agricultural,4241000
A-214004,Toftevej 77,590004.03,6107829.77,residential,34617000
A-202622,Aavej 88,632357.24,6175764.64,agricultural,10773000
A-200639,Soendergade 44,498166.36,6264151.35,residential,34204000
A-200453,Lindevej 81,495687.73,6300286.61,residential,27229000
A-208247,Stationsvej 141,479645.90,6217318.38,residential,3337000
A-203960,Vestergade 94,691959.42,6125934.33,agricultural,17501000
A-208679,Skovvej 47,504282.94,6285613.48,public,8602000
A-212225,Moellevej 144,591073.18,6106955.30,residential,35322000
A-201800,Havnegade 176,652479.50,6198087.50,industrial,677000
A-209861,Vestergade 237,668263.09,6189394.79,public,1636000
A-213428,Toftevej 239,596032.95,6143830.78,industrial,23961000
A-204275,Birkevej 183,699584.23,6197492.04,residential,8999000
A-204029,Noerregade 133,586976.75,6369205.66,industrial,12295000
A-213617,Vestergade 94,584583.75,6198637.62,residential,29728000
A-203513,Noerregade 120,546225.66,6198925.68,residential,8361000
A-208946,Havnegade 232,516901.91,6176664.66,residential,27554000
A-204071,Moellevej 168,727843.33,6190716.51,industrial,28290000
A-204938,Birkevej 147,701462.33,6187713.72,commercial,40763000
A-200756,Toftevej 32,584313.58,6198020.41,agricultural,21143000
A-205967,Kirkevej 201,708353.51,6209902.81,public,5672000
A-207389,Soendergade 142,576479.56,6218436.27,residential,5257000
A-210050,Moellevej 220,572546.48,6141018.11,agricultural,41624000
A-205736,Egevej 71,612559.04,6147969.16,residential,12868000
A-200405,Vestergade 100,521841.27,6183516.14,industrial,19051000
A-207743,Egevej 90,708299.97,6207145.29,industrial,41554000
A-210782,Skovvej 237,545215.31,6329749.94,agricultural,19728000
A-212522,Soendergade 138,725991.83,6200389.04,agricultural,455000
A-204155,Engvej 10,721019.07,6210853.19,industrial,15448000
A-211457,Moellevej 173,650849.07,6179700.41,public,4121000
A-210734,Toftevej 143,525195.29,6139420.47,agricultural,26325000
A-203420,Birkevej 167,720065.43,6195070.99,public,41146000
A-211649,Aavej 229,662038.98,6139063.15,residential,35919000
A-209339,Birkevej 191,539969.96,6297623.79,agricultural,22714000
A-208409,Noerregade 58,710220.13,6176416.66,agricultural,10965000
A-209018,Havnegade 92,699050.16,6119759.55,residential,35471000
A-214955,Strandvej 69,557473.47,6207313.22,residential,32657000
A-212552,Lindevej 166,715662.03,6185512.00,industrial,1737000
A-201191,Stationsvej 56,512086.93,6115907.02,industrial,35339000
A-200438,Vestergade 174,576523.14,6253906.39,residential,14917000
A-205544,Havnegade 102,552486.08,6238132.68,industrial,40024000
A-212072,Moellevej 144,616927.83,6126357.68,residential,10671000
A-205559,Engvej 145,699879.84,6212586.99,public,18961000
A-202448,Lindevej 133,687345.80,6195871.90,residential,38243000
A-205619,Havnegade 184,519953.72,6175198.71,commercial,27664000
A-200627,Stationsvej 8,718900.25,6189106.59,residential,21104000
A-209177,Noerregade 86,707144.37,6173340.28,commercial,13129000
A-213092,Egevej 224,668495.78,6201905.21,public,27921000
A-206330,Lindevej 50,555801.68,6351572.72,residential,5238000
A-208223,Bakkevej 213,532055.89,6268821.43,residential,32175000
A-200465,Kirkevej 57,719967.62,6180995.84,industrial,40864000
A-205988,Skovvej 240,605838.89,6167500.51,residential,15106000
A-212192,Stationsvej 115,569878.43,6232010.32,commercial,32376000
A-213233,Bakkevej 42,700419.84,6167467.26,residential,19622000
A-201740,Engvej 198,717512.06,6205356.27,public,9269000
A-203723,Strandvej 141,552864.49,6220782.57,industrial,10615000
A-200459,Birkevej 131,588287.64,6148403.19,industrial,11408000
A-212477,Lindevej 142,582054.15,6262452.05,public,32682000
A-214490,Vestergade 53,651615.34,6187010.63,commercial,21574000
A-203237,Stationsvej 162,553847.54,6253112.85,residential,10903000
A-206396,Lindevej 16,724201.71,6191500.79,agricultural,2485000
A-213629,Aavej 97,717069.69,6203188.73,residential,17422000
A-209645,Strandvej 79,650171.35,6126662.72,public,40657000
A-204263,Noerregade 17,515378.33,6321775.46,commercial,1871000
A-206924,Kirkevej 80,569202.34,6207448.69,residential,10301000
A-204929,Vestergade 219,572260.26,6116959.48,agricultural,26210000
A-207125,Birkevej 68,572857.34,6209895.76,commercial,15316000
A-202904,Strandvej 178,536160.62,6204467.56,residential,3685000
A-203741,Bakkevej 131,709237.98,6195855.75,agricultural,1700000
A-207806,Birkevej 129,639881.44,6200577.79,public,32237000
A-203702,Aavej 45,545938.13,6206883.06,residential,5996000
A-202664,Skovvej 223,705389.95,6178831.98,residential,15357000
A-214460,Soendergade 167,491303.57,6302223.99,public,33418000
A-206498,Strandvej 11,677045.46,6162010.11,commercial,20448000
A-211979,Birkevej 143,579432.30,6213227.76,agricultural,14850000
A-200837,Kirkevej 104,568858.88,6341628.26,residential,10013000
A-213248,Strandvej 5,676968.14,6170659.78,public,2133000
A-214418,Engvej 7,491700.98,6120059.70,residential,26527000
A-203783,Noerregade 149,664435.09,6155769.98,public,39933000
A-202769,Strandvej 52,565811.16,6250253.80,residential,21007000
A-214139,Strandvej 93,577638.00,6243994.87,commercial,21715000
A-211508,Egevej 93,696679.33,6164406.81,residential,9125000
A-208964,Noerregade 95,728202.15,6167837.39,residential,29529000
A-211841,Strandvej 93,728541.82,6167261.42,residential,19284000
A-209195,Noerregade 166,712236.32,6169520.29,industrial,27891000
A-200000,Lindevej 33,687905.56,6156758.07,residential,1084000
A-207548,Havnegade 113,560939.47,6330294.24,residential,10781000
A-208163,Soendergade 148,586676.38,6218757.10,residential,29360000
A-200852,Lindevej 44,641979.34,6178889.44,residential,3163000
A-205157,Noerregade 240,717115.55,6168358.80,residential,7045000
A-210476,Strandvej 203,537047.18,6257443.73,public,8497000
A-213824,Moellevej 130,642145.28,6133103.85,public,12800000
A-213116,Aavej 17,710415.98,6176922.70,agricultural,4507000
A-200795,Engvej 109,595667.59,6162118.00,residential,41449000
A-213806,Noerregade 80,482085.92,6186329.74,residential,34890000
A-212744,Birkevej 228,539990.08,6265042.61,commercial,26358000
A-202181,Bakkevej 235,497465.64,6192076.90,commercial,724000
A-210524,Birkevej 90,710279.25,6213276.07,agricultural,25298000
A-214829,Engvej 190,534377.61,6287916.39,residential,37439000
A-211685,Soendergade 102,656968.01,6199703.03,residential,20129000
A-200531,Toftevej 72,697887.09,6209848.87,commercial,38953000
A-210947,Toftevej 72,572241.83,6193376.54,residential,16691000
A-207146,Lindevej 185,546581.65,6217289.64,residential,31295000
A-214499,Lindevej 116,707416.06,6210029.49,residential,33122000
A-208151,Aavej 173,598274.38,6098873.03,commercial,11092000
A-210539,Strandvej 238,574555.18,6207375.93,public,31502000
A-203753,Vestergade 214,543207.58,6228182.54,commercial,24542000
A-211394,Aavej 33,569824.48,6331660.78,residential,32466000
A-200996,Soendergade 115,552100.90,6160010.25,public,33982000
A-206195,Soendergade 207,695289.62,6116840.32,industrial,27035000
A-202079,Egevej 226,604507.10,6097615.00,residential,29593000
A-212621,Bakkevej 172,710681.41,6165301.12,residential,13318000
A-203468,Skovvej 212,645160.17,6127697.42,industrial,3842000
A-211325,Soendergade 180,582202.01,6235636.75,residential,17514000
A-206159,Noerregade 68,573630.24,6109385.77,residential,27899000
A-210521,Havnegade 204,522836.28,6191727.55,public,32219000
A-212981,Toftevej 195,602995.56,6123597.60,agricultural,13895000
A-203258,Moellevej 1,550001.55,6099062.69,residential,26448000
A-202820,Strandvej 170,578287.62,6157600.93,industrial,30963000
A-209681,Havnegade 142,554091.34,6332095.88,residential,11478000
A-202625,Birkevej 173,705299.16,6201388.07,residential,21651000
A-211274,Stationsvej 145,678873.49,6160153.68,residential,7320000
A-211673,Skovvej 178,687149.78,6125821.14,industrial,23114000
A-201689,Noerregade 71,600042.40,6131690.46,residential,20657000
A-204983,Lindevej 64,539763.78,6237485.90,commercial,38771000
A-201185,Kirkevej 81,699129.21,6188802.64,commercial,37334000
A-208139,Bakkevej 2,649232.64,6194157.88,residential,10465000
A-203543,Birkevej 211,491498.14,6285539.19,industrial,477000
A-201020,Skovvej 230,584778.05,6206445.09,industrial,27937000
A-208097,Soendergade 91,710485.13,6196271.17,agricultural,15209000
A-205139,Stationsvej 189,671368.13,6174492.54,public,16957000
A-210488,Noerregade 71,584769.10,6156717.30,public,3152000
A-210719,Bakkevej 209,689044.52,6173708.92,industrial,12007000
A-211613,Aavej 81,637451.87,6160532.39,agricultural,23257000
A-205598,Moellevej 186,547936.02,6155683.78,residential,3546000
A-200084,Moellevej 144,612134.92,6119499.17,residential,17762000
A-203972,Aavej 217,551971.41,6315756.32,residential,3260000
A-203516,Skovvej 177,519712.08,6356282.82,industrial,36465000
A-208385,Strandvej 105,690159.36,6177231.35,industrial,23115000
A-210899,Noerregade 132,522592.86,6250928.25,agricultural,31896000
A-201803,Havnegade 99,705574.55,6215807.40,commercial,1826000
A-204461,Soendergade 233,720707.12,6185330.17,residential,28195000
A-204572,Birkevej 98,702179.65,6170174.25,residential,2918000
A-212951,Skovvej 35,579660.21,6363917.15,agricultural,4469000
A-209090,Egevej 41,710560.81,6216122.11,residential,23059000
A-214367,Vestergade 101,711237.50,6166064.56,public,7643000
A-200909,Engvej 169,634121.05,6127433.06,agricultural,4763000
A-214877,Bakkevej 89,540027.91,6163041.37,commercial,36936000
A-207167,Kirkevej 19,555609.65,6162454.16,residential,21563000
A-214583,Moellevej 100,714899.28,6178106.86,commercial,4758000
A-205361,Havnegade 167,568307.46,6197525.41,agricultural,14839000
A-202781,Engvej 182,674071.49,6156705.65,agricultural,10765000
A-205961,Toftevej 225,514621.31,6293026.23,industrial,8794000
A-214913,Soendergade 34,682980.19,6201132.31,residential,36829000
A-209117,Vestergade 197,565057.12,6216997.31,public,20615000
A-203072,Stationsvej 95,566840.52,6249708.67,residential,10231000
A-212324,Engvej 207,537987.25,6242535.35,residential,6206000
A-214385,Birkevej 80,602424.67,6152822.24,public,30798000
A-211892,Noerregade 35,591238.03,6318317.19,residential,23005000
A-202721,Engvej 89,579041.92,6352142.28,residential,31053000
A-204803,Moellevej 29,636919.67,6149934.85,public,27292000
A-203774,Noerregade 119,703943.25,6187403.02,residential,30453000
A-209660,Aavej 94,700085.98,6181210.99,residential,9110000
A-200171,Skovvej 181,581696.89,6235080.85,commercial,38762000
A-201317,Toftevej 227,540161.10,6243959.20,residential,14150000
A-205172,Engvej 129,728814.15,6187951.21,public,38086000
A-208403,Engvej 202,578005.98,6212710.00,residential,31644000
A-209006,Soendergade 191,592611.08,6144696.87,commercial,11267000
A-205337,Toftevej 52,486889.54,6190137.52,residential,15865000
A-202685,Aavej 57,645852.94,6117029.87,residential,30691000
A-212966,Bakkevej 99,532079.51,6200605.21,residential,31356000
A-212045,Vestergade 149,670192.39,6118959.88,residential,16602000
A-204248,Noerregade 237,723203.15,6174967.45,residential,18761000
A-202295,Lindevej 18,567034.89,6206813.16,residential,14785000
A-205049,Kirkevej 149,714613.51,6201531.59,industrial,14778000
A-203861,Birkevej 77,694133.10,6203499.35,industrial,30608000
A-203978,Engvej 13,714976.26,6186336.08,residential,31553000
A-203018,Aavej 92,557426.00,6232257.76,public,27242000
A-205451,Toftevej 185,704970.57,6170271.43,residential,35834000
A-212417,Noerregade 11,681243.58,6182783.88,residential,41219000
A-207059,Egevej 138,482703.72,6113885.24,residential,4694000
A-207929,Soendergade 112,569199.71,6120871.32,residential,14367000
A-202673,Kirkevej 99,588467.35,6148754.89,public,7109000
A-209324,Soendergade 237,719853.81,6197764.06,residential,9609000
A-213950,Strandvej 1,538944.55,6243557.80,industrial,16626000
A-210605,Kirkevej 6,577640.52,6383244.83,public,3158000
A-206894,Kirkevej 175,552074.54,6205702.80,agricultural,12616000
A-212804,Moellevej 50,721305.59,6189298.00,residential,30560000
A-214898,Birkevej 22,509239.16,6259268.24,commercial,3935000
A-200717,Bakkevej 158,572207.17,6268595.05,agricultural,27996000
A-210566,Birkevej 59,704599.99,6194705.00,residential,8703000
A-212315,Lindevej 87,607584.50,6136105.61,agricultural,24405000
A-210410,Strandvej 65,722346.88,6208819.62,residential,9117000
A-213512,Havnegade 152,528084.39,6333868.80,industrial,6155000
A-210737,Noerregade 20,722649.16,6176322.30,residential,11060000
A-211109,Toftevej 227,553830.38,6128292.78,residential,18160000
A-212144,Noerregade 208,539046.85,6101196.38,residential,13621000
A-201200,Engvej 208,593435.28,6157280.24,residential,16965000
A-204506,Lindevej 71,685360.38,6167492.26,residential,19363000
A-204737,Egevej 39,582548.58,6252805.29,public,27981000
A-206417,Noerregade 93,479783.49,6244663.79,agricultural,27678000
A-207584,Engvej 219,514310.61,6191261.07,residential,3798000
A-208112,Bakkevej 103,580639.92,6271626.54,commercial,41681000
A-208595,Egevej 228,698207.76,6175394.26,agricultural,955000
A-213494,Kirkevej 143,492368.04,6081719.53,commercial,40771000
A-214001,Moellevej 130,703318.34,6165400.97,industrial,3354000
A-210461,Strandvej 132,476021.63,6131465.16,residential,25526000
A-206702,Noerregade 207,529812.28,6153309.47,commercial,21429000
A-200120,Soendergade 95,509099.51,6201008.03,industrial,32586000
A-205622,Egevej 63,717495.32,6171023.28,industrial,8813000
A-204899,Havnegade 7,711689.49,6166367.38,agricultural,19731000
A-210428,Egevej 184,695640.20,6123792.73,residential,38162000
A-204215,Birkevej 189,710572.04,6196535.79,industrial,1937000
A-211316,Egevej 178,680335.90,6142964.68,public,20346000
A-203249,Bakkevej 15,705617.94,6204126.89,commercial,14008000
A-200807,Birkevej 50,705912.96,6165802.07,commercial,5426000
A-200297,Soendergade 36,718016.40,6166295.98,industrial,29624000
A-202043,Soendergade 29,703908.79,6179333.40,residential,15261000
A-212372,Toftevej 184,707975.75,6199193.49,residential,26958000
A-207023,Noerregade 73,523029.00,6304521.39,residential,4791000
A-207713,Bakkevej 138,666893.72,6127991.51,residential,25368000
A-213314,Vestergade 113,700810.34,6175047.04,commercial,10379000
A-202526,Bakkevej 81,688704.93,6160589.98,residential,39977000
A-207485,Engvej 233,698581.17,6198507.97,residential,21759000
A-208130,Aavej 54,495067.44,6209921.72,residential,840000
A-211085,Toftevej 185,541757.60,6206556.57,residential,4994000
A-203069,Toftevej 37,702651.49,6199527.81,residential,27976000
A-208526,Kirkevej 112,552653.34,6249909.97,residential,15094000
A-204512,Birkevej 80,726986.63,6180982.57,agricultural,33430000
A-202523,Lindevej 45,694358.88,6129215.47,public,7674000
A-211307,Skovvej 77,575542.05,6161895.70,residential,23975000
A-211064,Stationsvej 54,654519.31,6119527.95,residential,26455000
A-201983,Egevej 131,575063.81,6251956.73,public,16565000
A-201215,Toftevej 151,497758.35,6150363.28,residential,19513000
A-206384,Lindevej 87,702794.96,6122432.43,residential,23096000
A-210200,Toftevej 169,584151.79,6228384.21,commercial,12815000
A-206084,Strandvej 80,726927.97,6204150.25,residential,31247000
A-202847,Noerregade 130,583232.06,6334309.52,residential,35279000
A-213212,Havnegade 138,696281.33,6137605.42,residential,29333000
A-210149,Vestergade 107,707586.92,6202122.79,residential,25695000
A-212390,Engvej 92,531043.48,6268636.86,industrial,37828000
A-201830,Skovvej 212,553102.37,6125798.66,public,4603000
A-203834,Vestergade 51,634858.36,6168803.09,residential,6313000
A-214463,Vestergade 221,725050.35,6196779.46,agricultural,30083000
A-205883,Aavej 178,715519.71,6174729.51,commercial,32396000
A-202670,Moellevej 6,550730.84,6239405.15,residential,6445000
A-203996,Moellevej 84,723674.53,6167092.60,residential,23263000
A-213986,Stationsvej 158,721933.63,6178601.76,industrial,30630000
A-213032,Stationsvej 56,718115.75,6198601.91,residential,41568000
A-207689,Moellevej 221,702684.57,6212676.28,agricultural,10982000
A-210692,Birkevej 40,713391.10,6177038.13,residential,16815000
A-204962,Strandvej 141,704734.29,6201597.90,commercial,6435000
A-205916,Toftevej 48,701560.82,6191181.84,residential,41580000
A-207986,Lindevej 32,543070.62,6103803.22,residential,9074000
A-206786,Strandvej 133,568844.68,6150448.19,residential,18653000
A-203210,Skovvej 199,634175.52,6119577.85,commercial,30268000
A-208577,Kirkevej 36,549887.53,6212046.99,agricultural,34688000
A-202547,Strandvej 198,482514.86,6099795.08,commercial,11325000
A-203840,Lindevej 191,498795.04,6200067.60,industrial,5140000
A-212249,Strandvej 27,703404.09,6177153.46,residential,3928000
A-211244,Aavej 72,672379.09,6128154.44,commercial,17896000
A-208181,Egevej 145,515497.30,6302784.46,residential,24072000
A-205055,Birkevej 73,693559.12,6179469.89,residential,27706000
A-206168,Toftevej 199,726315.65,6215725.05,industrial,18586000
A-210137,Soendergade 73,707458.64,6189480.88,industrial,8846000
A-214847,Egevej 163,711250.02,6176184.26,commercial,25674000
A-204989,Vestergade 38,566386.24,6239592.32,residential,15014000
A-204164,Noerregade 81,481415.85,6140032.27,industrial,19463000
A-201752,Birkevej 176,585625.56,6225237.06,public,37056000
A-203213,Moellevej 41,584418.67,6206725.65,agricultural,7019000
A-202172,Skovvej 135,551800.48,6122639.21,industrial,38792000
A-207230,Moellevej 177,489316.37,6274467.32,public,25393000
A-206807,Birkevej 206,570486.41,6260944.29,commercial,13585000
A-206267,Havnegade 100,552424.12,6224108.37,agricultural,13927000
A-214970,Moellevej 17,568066.85,6253001.94,public,16799000
A-210350,Stationsvej 65,480206.95,6190614.07,public,37903000
A-209408,Havnegade 9,486107.60,6117493.25,industrial,28386000
A-206834,Birkevej 173,550675.31,6095037.09,commercial,2726000
A-200933,Vestergade 187,714900.59,6175119.54,industrial,24680000
A-207962,Havnegade 212,607795.81,6148517.56,commercial,31766000
A-213221,Havnegade 157,711202.69,6169458.84,commercial,779000
A-208406,Stationsvej 206,556622.91,6312680.25,industrial,38491000
A-203549,Stationsvej 140,554766.15,6265235.21,residential,11675000
A-213533,Toftevej 154,668853.19,6157683.80,industrial,14015000
A-202361,Egevej 180,583100.61,6209973.32,agricultural,19344000
A-203084,Strandvej 66,558449.84,6104148.44,residential,29548000
A-200594,Havnegade 6,584706.80,6230436.40,industrial,25933000
A-207527,Birkevej 193,552392.98,6243248.92,residential,6221000
A-204779,Strandvej 157,702622.41,6180407.78,commercial,28536000
A-212858,Birkevej 124,704719.80,6214195.25,residential,28742000
A-209465,Birkevej 21,708591.79,6181376.01,residential,33146000
A-209672,Engvej 107,548220.81,6261433.35,residential,36558000
A-211868,Noerregade 175,653919.24,6114367.83,industrial,30986000
A-210023,Lindevej 219,686203.38,6199813.84,public,5900000
A-213626,Havnegade 19,712673.07,6205440.87,residential,17209000
A-201935,Engvej 150,564641.96,6155314.53,residential,4488000
A-213476,Noerregade 94,659759.47,6123564.88,residential,16513000
A-207632,Engvej 142,723727.24,6205384.38,residential,9358000
A-212255,Egevej 173,711235.08,6179407.07,residential,35750000
A-206468,Bakkevej 36,566056.98,6156453.86,residential,3936000
A-205175,Engvej 231,512405.50,6341250.99,commercial,29963000
A-212018,Strandvej 26,546632.95,6239818.94,residential,13020000
A-210767,Noerregade 198,656615.40,6125928.01,public,31969000
A-214682,Soendergade 37,716623.19,6204020.98,residential,37598000
A-214628,Lindevej 193,552647.03,6223152.76,residential,5045000
A-203708,Vestergade 156,540474.61,6235378.22,commercial,6903000
A-205529,Noerregade 57,554347.79,6265194.22,commercial,2199000
A-200693,Strandvej 76,589123.74,6099389.53,residential,8879000
A-202631,Aavej 208,550345.43,6152106.04,commercial,27718000
A-213242,Bakkevej 141,525338.35,6349180.54,public,39529000
A-207482,Kirkevej 118,501097.34,6304518.14,residential,39801000
A-213008,Soendergade 193,538683.35,6084091.12,commercial,16856000
A-204593,Egevej 137,525874.14,6216463.62,residential,14324000
A-210662,Strandvej 156,552175.43,6194961.64,residential,30727000
A-203759,Toftevej 238,615123.68,6098660.74,residential,40393000
A-208199,Toftevej 218,712319.80,6176762.62,public,22629000
A-209786,Strandvej 108,724625.31,6165519.18,public,20048000
A-201452,Bakkevej 133,688901.52,6130706.36,residential,15486000
A-211190,Soendergade 73,728395.13,6183537.13,commercial,40811000
A-200111,Birkevej 203,702969.54,6207634.75,residential,23215000
A-202925,Vestergade 56,707503.54,6199360.71,residential,24550000
A-208463,Lindevej 57,700839.72,6191175.03,public,14531000
A-214649,Engvej 193,583686.95,6242183.28,industrial,3654000
A-212537,Skovvej 112,664404.07,6192642.61,agricultural,10678000
A-205238,Engvej 62,724013.38,6193710.01,residential,14083000
A-203969,Stationsvej 180,700920.33,6200589.19,commercial,37575000
A-200225,Havnegade 220,729441.54,6173365.06,commercial,38369000
A-203165,Vestergade 18,699852.11,6173024.67,residential,26985000
A-212582,Havnegade 163,477848.36,6228515.49,public,36815000
A-201446,Egevej 3,721987.90,6204010.02,residential,21942000
A-200927,Moellevej 65,710018.22,6191480.59,residential,28807000
A-204104,Havnegade 34,495955.93,6103136.84,agricultural,9952000
A-212579,Kirkevej 240,706250.63,6189426.91,public,27348000
A-207443,Strandvej 207,718200.18,6168343.89,commercial,1761000
A-207368,Lindevej 227,509763.94,6250492.78,residential,1493000
A-206909,Engvej 168,661594.81,6150685.11,commercial,24584000
A-207002,Stationsvej 214,566199.33,6254258.90,residential,2616000
A-200483,Skovvej 157,700496.31,6203418.91,agricultural,12903000
A-201476,Toftevej 41,700294.86,6194425.47,industrial,3814000
A-210134,Aavej 12,594384.76,6133103.44,public,38593000
A-202208,Birkevej 16,567022.40,6229604.79,agricultural,9967000
A-212771,Birkevej 221,545898.44,6269028.89,public,41927000
A-208262,Engvej 24,697789.09,6182246.76,residential,764000
A-211439,Havnegade 30,528342.04,6312565.85,commercial,22518000
A-205319,Lindevej 235,542739.99,6290639.83,residential,31373000
A-204287,Moellevej 184,633520.39,6160291.57,residential,3929000
A-213761,Kirkevej 73,562537.42,6340474.63,public,7953000
A-206402,Havnegade 160,577230.70,6265820.88,residential,24160000
A-211601,Havnegade 35,554180.31,6246495.62,residential,38662000
A-206027,Bakkevej 110,706497.67,6155507.66,residential,28074000
A-207119,Soendergade 198,556646.08,6245492.69,industrial,9570000
A-211811,Skovvej 33,570171.29,6361569.11,commercial,31263000
A-211679,Engvej 188,573510.14,6166305.00,industrial,25956000
A-202199,Havnegade 36,538245.47,6247403.85,residential,41794000
A-214856,Aavej 12,653932.63,6159865.51,agricultural,25698000
A-209819,Moellevej 84,545546.44,6236662.90,commercial,13821000
A-202511,Skovvej 219,563063.62,6247466.07,residential,24047000
A-201608,Skovvej 163,610764.20,6155843.20,industrial,23273000
A-213506,Skovvej 206,527039.34,6086966.40,residential,36920000
A-201779,Stationsvej 217,500080.66,6110441.39,residential,32993000
A-209891,Moellevej 85,714355.62,6205908.55,public,2487000
A-213446,Aavej 228,569570.93,6134977.33,commercial,33170000
A-204887,Moellevej 121,526112.85,6273062.72,public,31683000
A-200441,Noerregade 117,695279.46,6139147.29,residential,32371000
A-210272,Havnegade 107,716068.80,6170959.38,public,36901000
A-200720,Aavej 55,501309.07,6213483.71,residential,5254000
A-203042,Engvej 216,585990.97,6255531.65,public,10511000
A-214850,Kirkevej 13,686253.06,6163780.66,residential,41420000
A-207464,Stationsvej 116,709463.83,6176299.52,residential,20579000
A-203234,Vestergade 37,490591.32,6297650.48,industrial,32127000
A-202265,Engvej 19,487763.89,6240330.50,public,40174000
A-200903,Engvej 30,566460.65,6229926.25,residential,34760000
A-206507,Egevej 76,704347.23,6197530.33,residential,36061000
A-209750,Noerregade 161,581482.48,6258618.13,public,5735000
A-203639,Strandvej 106,705489.52,6196801.60,agricultural,9857000
A-208877,Engvej 131,648452.03,6123612.88,residential,21271000
A-201923,Birkevej 133,591635.79,6311641.11,agricultural,22594000
A-205064,Lindevej 33,563363.08,6235962.58,public,30767000
A-210572,Aavej 140,703710.12,6193554.14,residential,29476000
A-209735,Aavej 53,495571.67,6127868.52,residential,9379000
A-207911,Vestergade 132,483223.11,6288791.52,commercial,36624000
A-209315,Noerregade 97,590079.82,6332081.90,agricultural,26781000
A-205187,Soendergade 210,597954.43,6141298.11,residential,27570000
A-205607,Havnegade 116,475371.91,6102113.96,public,33408000
A-205040,Toftevej 2,537307.19,6221046.53,public,4028000
A-211466,Skovvej 186,562174.43,6192668.74,industrial,2902000
A-203363,Stationsvej 56,712481.36,6186342.99,residential,26413000
A-201941,Engvej 66,555774.61,6227945.67,agricultural,35999000
A-213353,Birkevej 52,573246.45,6223477.01,residential,6174000
A-214148,Egevej 95,711861.35,6193942.46,residential,13601000
A-202016,Birkevej 82,651757.61,6175413.56,commercial,35285000
A-209531,Engvej 116,705515.41,6172545.57,commercial,28320000
A-211349,Birkevej 93,729294.64,6173992.78,commercial,11419000
A-210863,Lindevej 147,706238.53,6166567.84,public,30211000
A-212420,Egevej 176,505452.48,6285874.31,industrial,9574000
A-212816,Bakkevej 117,548901.62,6202787.31,agricultural,28494000
A-209330,Stationsvej 210,553770.73,6212381.83,residential,40215000
A-200429,Lindevej 130,527750.36,6365197.44,public,31395000
A-211253,Vestergade 112,704732.89,6206349.83,residential,23294000
A-214661,Toftevej 179,690837.51,6125327.11,agricultural,18410000
A-208352,Kirkevej 178,551637.96,6329574.65,residential,1775000
A-208541,Lindevej 222,718754.58,6168368.77,public,3146000
A-202136,Havnegade 144,562006.15,6219876.39,agricultural,16259000
A-210530,Toftevej 193,542057.16,6238406.86,residential,26325000
A-208301,Bakkevej 9,713653.85,6191366.69,public,22094000
A-211808,Egevej 46,578555.67,6216171.45,residential,18472000
A-210251,Soendergade 164,550700.46,6342735.19,industrial,41939000
A-212843,Engvej 233,701999.00,6195245.77,commercial,17865000
A-213560,Aavej 188,540692.14,6382656.67,commercial,24613000
A-209939,Engvej 15,721483.26,6172314.15,agricultural,1013000
A-210020,Skovvej 104,593529.77,6156580.69,residential,13100000
A-211412,Stationsvej 215,697689.13,6198512.11,residential,19046000
A-201995,Lindevej 41,592985.16,6140550.97,residential,32472000
A-200237,Lindevej 131,582110.75,6247069.23,residential,32137000
A-202319,Stationsvej 137,546780.39,6193955.74,residential,10783000
A-214721,Bakkevej 160,679750.25,6149987.62,commercial,22427000
A-200519,Havnegade 110,697946.77,6191812.69,public,31555000
A-205835,Vestergade 16,580973.97,6159486.34,residential,34151000
A-210581,Kirkevej 65,577534.64,6357878.07,industrial,3686000
A-209258,Lindevej 83,704405.51,6181545.74,commercial,29241000
A-212612,Bakkevej 114,609356.63,6142686.14,residential,39735000
A-209996,Egevej 191,563486.04,6191892.38,commercial,20410000
A-212684,Birkevej 100,716263.34,6168353.82,commercial,34909000
A-208628,Strandvej 121,588285.09,6127360.54,public,15925000
A-205421,Vestergade 102,715832.66,6190358.95,commercial,29980000
A-205016,Engvej 185,703041.13,6185275.90,public,4694000
A-202493,Birkevej 201,707768.09,6173573.36,industrial,7126000
A-208397,Aavej 80,720637.16,6185729.31,agricultural,4366000
A-208970,Skovvej 165,721650.82,6208980.56,agricultural,6721000
A-209237,Havnegade 132,654059.32,6126109.43,residential,34654000
A-203342,Stationsvej 95,523070.61,6254432.05,commercial,9129000
A-206933,Soendergade 114,675349.99,6183741.31,public,13278000
A-208547,Bakkevej 8,727935.69,6172660.92,agricultural,12906000
A-203981,Vestergade 158,599163.80,6164393.29,industrial,15537000
A-203987,Vestergade 62,577417.65,6146565.45,residential,13940000
A-202907,Lindevej 237,670951.97,6117595.32,commercial,39221000
A-211865,Stationsvej 71,650935.01,6170683.20,industrial,32134000
A-206939,Moellevej 196,718949.93,6174614.36,public,35250000
A-209780,Toftevej 4,542784.90,6349495.71,residential,11786000
A-210500,Kirkevej 143,700309.51,6146258.79,public,33796000
A-207524,Skovvej 194,564385.77,6236983.08,commercial,10021000
A-214427,Engvej 40,666338.29,6125934.32,residential,17406000
A-210344,Vestergade 201,726524.87,6168011.35,residential,1391000
A-205658,Kirkevej 29,556634.70,6225111.83,agricultural,11750000
A-212915,Engvej 27,552245.78,6145243.60,industrial,40147000
A-214190,Bakkevej 139,717031.93,6205728.44,residential,26411000
A-206918,Moellevej 225,700985.47,6135138.15,agricultural,31192000
A-209921,Noerregade 49,710275.25,6193285.13,agricultural,29416000
A-209978,Noerregade 45,520034.75,6132056.35,agricultural,2275000
A-211382,Egevej 118,526571.38,6250944.56,residential,36937000
A-204995,Stationsvej 4,720424.70,6200183.42,residential,14285000
A-206039,Engvej 16,702691.00,6191648.01,agricultural,9146000
A-204383,Havnegade 17,632539.76,6168883.95,industrial,38699000
A-203231,Bakkevej 192,686177.18,6158523.15,commercial,35383000
A-207893,Birkevej 46,694418.11,6186837.08,commercial,39926000
A-209204,Aavej 99,578111.43,6339452.26,industrial,27949000
A-201356,Soendergade 87,561887.27,6211471.00,residential,5458000
A-204632,Moellevej 51,486893.00,6256230.03,agricultural,29958000
A-207779,Kirkevej 172,706473.84,6214206.50,residential,4905000
A-203279,Kirkevej 123,702809.14,6193512.11,agricultural,31708000
A-202313,Skovvej 11,719027.01,6183777.73,public,2775000
A-209882,Egevej 216,704932.35,6202702.65,industrial,41734000
A-208259,Engvej 203,555250.60,6232054.30,residential,33044000
A-209069,Stationsvej 40,609102.06,6161105.67,public,14452000
A-202640,Vestergade 158,473923.67,6106605.93,residential,10782000
A-202169,Moellevej 6,727154.63,6172513.69,agricultural,23916000
A-207341,Skovvej 148,716511.82,6167788.27,public,22019000
A-206981,Engvej 95,726735.24,6178912.19,agricultural,19174000
A-205100,Skovvej 90,557988.64,6216234.34,residential,22370000
A-200126,Toftevej 108,709769.44,6195276.40,residential,20095000
A-203330,Lindevej 217,561740.01,6242894.04,commercial,30787000
A-200825,Engvej 33,717974.51,6180534.87,residential,29649000
A-204569,Bakkevej 133,557183.08,6109929.92,residential,20921000
A-210995,Birkevej 178,507427.53,6085023.44,industrial,25843000
A-203144,Egevej 238,531986.21,6215009.16,residential,20143000
A-212528,Soendergade 181,574815.82,6236140.39,residential,16313000
A-202949,Skovvej 200,560007.08,6261504.41,residential,38868000
A-212765,Egevej 15,671754.54,6170816.70,residential,8543000
A-200987,Vestergade 217,605579.67,6152974.52,residential,36237000
A-205433,Soendergade 12,603978.27,6102589.50,residential,30130000
A-205994,Engvej 167,717691.83,6214929.96,industrial,17465000
A-213491,Moellevej 73,542875.63,6173285.78,residential,27462000
A-204701,Stationsvej 19,537766.43,6230548.42,residential,27385000
A-201218,Toftevej 178,586061.36,6348100.91,residential,8921000
A-206294,Strandvej 49,668103.54,6134808.28,public,8678000
A-204776,Lindevej 1,678083.60,6151533.36,public,10362000
A-212795,Birkevej 116,553331.83,6250543.33,residential,26396000
A-208751,Soendergade 117,678050.37,6183327.80,commercial,19516000
A-204893,Lindevej 90,527158.48,6297566.61,commercial,18410000
A-207179,Toftevej 17,574310.23,6111884.18,commercial,16283000
A-212198,Lindevej 153,471772.65,6093692.26,commercial,19648000
A-204326,Moellevej 159,603402.12,6096555.26,commercial,7663000
A-207728,Bakkevej 210,704361.30,6128961.42,residential,8902000
A-204620,Aavej 224,571992.57,6100787.78,residential,29271000
A-201710,Skovvej 226,635374.28,6147155.42,residential,2311000
A-201140,Toftevej 83,546543.75,6372260.50,residential,19855000
A-204008,Vestergade 216,556010.31,6132009.23,residential,17336000
A-206489,Havnegade 170,562827.90,6231429.22,residential,3209000
A-203819,Vestergade 203,602187.47,6121594.43,residential,681000
A-200414,Engvej 79,578682.19,6314371.97,residential,34220000
A-212651,Stationsvej 151,590789.06,6344492.05,residential,18355000
A-204464,Soendergade 3,575606.97,6244780.88,agricultural,13474000
A-207344,Aavej 99,713724.83,6169593.64,agricultural,25198000
A-206963,Lindevej 185,707902.92,6181292.45,residential,37720000
A-210227,Stationsvej 195,562514.42,6194921.88,residential,31076000
A-208904,Kirkevej 135,530882.14,6240295.35,residential,2423000
A-205298,Toftevej 61,548280.00,6273072.98,agricultural,6311000
A-202994,Vestergade 143,710197.71,6192656.01,residential,15479000
A-203339,Noerregade 124,586117.40,6198927.34,commercial,7037000
A-208784,Aavej 203,585876.97,6215769.47,public,29617000
A-211241,Stationsvej 235,713477.12,6208615.35,residential,33181000
A-212153,Toftevej 77,527916.41,6258040.08,residential,23144000
A-209615,Engvej 13,485060.73,6183325.46,agricultural,8039000
A-203780,Stationsvej 73,560579.46,6236739.66,residential,17900000
A-208625,Engvej 16,639050.24,6160237.53,agricultural,24112000
A-211133,Kirkevej 15,531810.69,6220477.48,industrial,16444000
A-209192,Strandvej 89,570503.21,6191911.41,residential,1972000
A-213674,Strandvej 92,683992.48,6151989.96,agricultural,41744000
A-206171,Havnegade 136,716381.81,6201795.06,agricultural,37837000
A-205589,Aavej 8,550905.64,6095123.31,agricultural,36011000
A-210509,Skovvej 216,497038.19,6201718.96,residential,13192000
A-205571,Soendergade 227,579470.93,6146842.29,residential,16166000
A-213755,Noerregade 1,687995.84,6168913.06,industrial,25024000
A-206999,Aavej 216,613946.03,6162072.93,industrial,18343000
A-213959,Havnegade 196,634733.35,6184172.32,agricultural,4699000
A-205334,Strandvej 207,707117.23,6190883.80,residential,15476000
A-207989,Vestergade 197,514223.64,6220879.97,agricultural,19792000
A-207860,Strandvej 125,715553.27,6177903.49,commercial,29186000
A-203564,Engvej 106,493550.50,6203599.90,residential,30279000
A-211706,Moellevej 44,564088.30,6324773.54,industrial,27520000
A-204065,Toftevej 78,478794.84,6273152.98,commercial,28305000
A-200315,Strandvej 61,495263.32,6146042.51,residential,27074000
A-210977,Bakkevej 66,689366.39,6199582.60,agricultural,31467000
A-212438,Soendergade 223,714863.32,6207621.24,agricultural,18628000
A-200234,Lindevej 84,727472.31,6173210.47,public,5275000
A-210803,Vestergade 73,613190.96,6128622.27,residential,11102000
A-214841,Soendergade 157,711863.50,6216472.44,agricultural,25978000
A-214286,Soendergade 60,517894.38,6306446.19,agricultural,6224000
A-202031,Soendergade 39,571490.61,6240703.50,industrial,29586000
A-207551,Lindevej 235,707295.93,6168223.23,public,7779000
A-209810,Stationsvej 144,577590.91,6147161.90,commercial,11853000
A-213992,Egevej 170,657344.92,6199049.21,commercial,7997000
A-208757,Vestergade 223,698867.37,6180629.86,industrial,25548000
A-203498,Aavej 37,582835.39,6193580.27,industrial,17155000
A-208325,Strandvej 102,664576.81,6150516.68,residential,33851000
A-213140,Bakkevej 156,699163.17,6185813.03,residential,33870000
A-209420,Kirkevej 22,706929.98,6167535.39,residential,33821000
A-206681,Aavej 207,575567.51,6330017.15,commercial,23745000
A-212567,Bakkevej 190,667021.54,6187538.23,residential,32441000
A-201329,Skovvej 76,481840.62,6251483.06,industrial,38238000
A-210758,Egevej 148,707381.65,6193375.73,industrial,18085000
A-214040,Engvej 4,549621.06,6096776.72,commercial,27707000
A-211343,Lindevej 92,601131.57,6135498.81,residential,11759000
A-200657,Bakkevej 112,556712.11,6214969.27,agricultural,35903000
A-205841,Havnegade 156,591131.40,6313701.24,agricultural,26765000
A-201905,Kirkevej 10,545130.91,6194738.27,agricultural,15463000
A-204818,Toftevej 20,586371.31,6220986.37,industrial,25475000
A-211781,Havnegade 185,718891.23,6188895.80,residential,2608000
A-208388,Toftevej 136,725330.14,6175909.30,residential,4462000
A-209630,Toftevej 209,715436.69,6179644.10,residential,38650000
A-209267,Birkevej 20,641370.71,6145332.57,residential,22079000
A-203474,Havnegade 151,567926.03,6147505.97,commercial,41840000
A-208550,Stationsvej 58,706330.03,6180633.12,residential,5973000
A-205565,Havnegade 87,566860.79,6248562.58,residential,21472000
A-203624,Moellevej 117,515701.92,6372256.23,agricultural,38888000
A-206978,Aavej 53,713195.87,6203799.49,agricultural,12526000
A-212081,Birkevej 54,536763.62,6296325.43,residential,1928000
A-202808,Lindevej 221,575546.10,6097421.16,residential,18282000
A-213692,Kirkevej 104,715330.91,6161963.26,residential,41906000
A-206777,Moellevej 41,566635.55,6209617.96,industrial,3343000
A-203648,Soendergade 160,551573.34,6131439.58,industrial,23929000
A-214823,Stationsvej 240,538271.62,6263799.73,agricultural,15147000
A-212492,Moellevej 155,509132.06,6228306.64,commercial,10584000
A-204590,Moellevej 201,570907.70,6229441.82,residential,4493000
A-209246,Birkevej 70,658735.08,6152860.56,industrial,5445000
A-204344,Aavej 132,505637.12,6202616.77,industrial,17382000
A-212906,Engvej 78,529027.78,6346682.75,residential,25559000
A-212009,Engvej 236,535288.56,6313100.48,public,17482000
A-214331,Strandvej 151,699803.71,6205150.12,residential,7030000
A-206825,Aavej 76,558560.49,6266975.93,agricultural,20221000
A-214844,Aavej 94,573448.65,6220491.86,agricultural,12529000
A-210518,Moellevej 60,550438.87,6114309.39,residential,41837000
A-213041,Toftevej 169,568780.48,6343594.91,public,20889000
A-209429,Soendergade 146,582751.44,6204295.19,residential,2361000
A-202535,Skovvej 85,605180.83,6105006.71,commercial,766000
A-213767,Skovvej 9,661641.22,6132413.74,residential,18723000
A-200189,Strandvej 88,586723.89,6108822.83,commercial,5625000
A-209543,Havnegade 156,715133.99,6210780.22,residential,17558000
A-210332,Toftevej 187,705560.05,6188876.08,agricultural,2725000
A-202745,Noerregade 53,690281.10,6186255.97,residential,14904000
A-200939,Strandvej 169,574696.52,6206927.32,industrial,38270000
A-204281,Aavej 94,611707.34,6151487.96,public,18738000
A-210836,Toftevej 168,718814.15,6171599.14,agricultural,26039000
A-208493,Egevej 75,490150.06,6179431.51,industrial,3983000
A-209390,Strandvej 77,575709.68,6349472.38,residential,39466000
A-209831,Birkevej 232,703951.32,6184531.37,industrial,37290000
A-207500,Bakkevej 205,713547.90,6201548.21,public,30921000
A-208694,Havnegade 92,486333.17,6133949.81,commercial,23891000
A-212600,Birkevej 193,606883.71,6114893.87,agricultural,39092000
A-213833,Kirkevej 188,687546.48,6118489.04,public,38679000
A-203591,Stationsvej 48,608206.25,6159101.47,agricultural,7959000
A-207338,Strandvej 141,700317.64,6204611.62,commercial,36570000
A-210644,Bakkevej 163,725325.50,6215660.38,public,14314000
A-209657,Kirkevej 158,704773.07,6172500.39,agricultural,27542000
A-213641,Moellevej 41,705354.60,6179343.00,residential,4932000
A-208568,Stationsvej 177,543963.39,6260523.90,residential,33284000
A-200990,Bakkevej 153,531870.62,6337901.11,industrial,38169000
A-209396,Strandvej 168,713912.21,6199665.89,residential,12531000
A-210173,Lindevej 104,476525.32,6284160.39,agricultural,19177000
A-203546,Skovvej 50,650284.59,6177494.86,residential,28686000
A-202940,Birkevej 167,566091.68,6207977.65,residential,33017000
A-203864,Engvej 116,542410.28,6226814.50,agricultural,30992000
A-204869,Bakkevej 31,577026.42,6190870.73,residential,34742000
A-208838,Strandvej 54,700906.64,6206528.61,residential,10204000
A-200282,Vestergade 196,727815.77,6166794.31,residential,5423000
A-212960,Noerregade 156,667719.48,6152261.80,public,9300000
A-214130,Engvej 141,705077.97,6189068.00,agricultural,7254000
A-212555,Soendergade 86,517840.54,6301644.19,public,35407000
A-212654,Stationsvej 74,699350.73,6125830.52,residential,7789000
A-202928,Lindevej 165,551998.04,6232995.58,residential,6940000
A-209381,Stationsvej 146,641456.07,6151848.80,residential,16985000
A-209561,Noerregade 47,501848.41,6115374.06,commercial,31060000
A-214316,Vestergade 22,633306.34,6158731.65,agricultural,20231000
A-214484,Noerregade 97,478265.07,6231065.47,public,20670000
A-203126,Engvej 151,556746.16,6375304.31,residential,17820000
A-206645,Engvej 220,485951.70,6280488.25,residential,11357000
A-206765,Skovvej 98,724110.51,6194407.30,public,22201000
A-208136,Skovvej 41,707474.20,6174214.01,agricultural,40358000
A-207512,Egevej 13,725630.14,6193215.59,industrial,26223000
A-207896,Vestergade 19,477297.83,6250715.59,residential,29719000
A-211175,Soendergade 201,535663.65,6377940.42,residential,25996000
A-213773,Lindevej 84,701438.16,6168971.32,residential,37793000
A-213386,Lindevej 214,585841.51,6230776.65,residential,30249000
A-208955,Soendergade 167,514106.81,6299783.85,residential,35047000
A-201791,Noerregade 231,713012.21,6212371.51,commercial,36597000
A-206714,Stationsvej 33,726633.73,6216740.92,residential,41094000
A-211271,Stationsvej 174,555697.43,6241746.27,industrial,38780000
A-202127,Bakkevej 102,652899.60,6173936.48,public,6677000
A-209393,Stationsvej 185,655030.96,6197841.23,public,22778000
A-202832,Skovvej 36,554812.18,6223408.72,industrial,23824000
A-210080,Birkevej 119,711750.01,6169598.05,residential,8123000
A-213122,Egevej 77,717264.58,6196028.98,industrial,14309000
A-209489,Skovvej 68,522409.93,6122771.02,residential,1571000
A-207008,Engvej 177,681699.33,6159015.53,industrial,31832000
A-201134,Noerregade 6,636599.72,6125667.53,agricultural,30466000
A-208010,Skovvej 206,549359.17,6251485.80,industrial,1860000
A-200588,Egevej 7,580915.28,6216463.39,industrial,4950000
A-212279,Havnegade 110,558817.58,6136490.54,agricultural,8147000
A-204713,Kirkevej 92,638867.00,6121126.26,residential,38675000
A-205631,Bakkevej 237,660032.88,6173657.22,residential,23370000
A-213749,Egevej 80,493192.11,6162558.46,industrial,2772000
A-203888,Toftevej 177,511792.45,6220170.11,industrial,41627000
A-200393,Noerregade 126,493624.98,6157802.04,residential,29868000
A-207818,Toftevej 128,704187.53,6211301.77,residential,25297000
A-212594,Toftevej 190,553035.37,6243823.78,residential,7463000
A-208802,Birkevej 175,541248.50,6193596.34,agricultural,21417000
A-213404,Skovvej 57,600255.20,6096330.27,residential,29476000
A-203948,Noerregade 114,486779.72,6247127.62,commercial,9518000
A-202805,Moellevej 234,724923.91,6171173.40,industrial,10177000
A-210167,Noerregade 157,550156.40,6235382.75,agricultural,17954000
A-202139,Aavej 175,583739.13,6191480.27,commercial,30357000
A-214904,Soendergade 224,549948.79,6152564.11,residential,2716000
A-213416,Vestergade 113,713980.92,6209010.27,agricultural,4108000
A-213374,Aavej 228,576162.10,6381981.49,residential,25333000
A-213161,Skovvej 153,722991.57,6195846.67,agricultural,9838000
A-205847,Toftevej 83,686042.84,6157689.76,residential,12739000
A-214043,Birkevej 37,693617.92,6190045.93,industrial,4364000
A-206531,Soendergade 179,519695.06,6124532.80,industrial,3295000
A-214376,Stationsvej 116,534943.02,6235855.75,industrial,7916000
A-208187,Skovvej 139,645383.33,6145439.83,residential,6685000
A-203606,Vestergade 136,680218.29,6144112.53,agricultural,35666000
A-209111,Vestergade 232,537815.27,6209691.13,industrial,694000
A-208667,Bakkevej 65,543928.76,6202803.01,residential,1085000
A-206969,Birkevej 130,641490.27,6118902.11,residential,14147000
A-212429,Bakkevej 103,550047.56,6152698.78,public,23378000
A-213368,Noerregade 209,562151.98,6138617.08,agricultural,39954000
A-210404,Vestergade 42,728603.48,6169494.20,residential,22165000
A-209963,Vestergade 179,542326.03,6225119.93,residential,7981000
A-207509,Vestergade 113,526018.71,6346515.31,commercial,3933000
A-200603,Birkevej 114,701888.79,6181627.22,public,19589000
A-211499,Vestergade 80,505072.80,6201104.64,residential,21962000
A-208400,Noerregade 179,577253.12,6096069.90,residential,1544000
A-212609,Stationsvej 208,670372.42,6137221.67,residential,27482000
A-213701,Vestergade 61,699107.55,6186516.05,residential,26995000
A-201290,Strandvej 84,705662.91,6204742.96,public,27897000
A-211073,Skovvej 61,579260.59,6244178.23,industrial,28328000
A-207413,Birkevej 182,719687.29,6210104.27,residential,4374000
A-213083,Lindevej 196,491076.17,6280965.72,residential,10969000
A-211883,Aavej 24,724050.27,6208818.41,residential,697000
A-203138,Lindevej 230,590586.10,6161898.30,public,5826000
A-211370,Kirkevej 16,702876.00,6193160.31,industrial,17314000
A-214259,Havnegade 174,716999.12,6196753.50,industrial,28203000
A-200324,Lindevej 19,715165.67,6179783.10,residential,38015000
A-206192,Birkevej 97,656441.53,6144992.95,residential,24976000
A-204128,Skovvej 225,692461.86,6153530.24,agricultural,18524000
A-206540,Stationsvej 118,485313.11,6253441.61,residential,20566000
A-206843,Toftevej 153,726096.28,6196071.67,industrial,33392000
A-202148,Havnegade 192,547871.62,6202885.13,residential,38336000
A-203654,Skovvej 154,548675.03,6214609.33,agricultural,29133000
A-206753,Soendergade 26,505092.83,6156652.02,industrial,39819000
A-201947,Stationsvej 76,585528.20,6137051.48,residential,13150000
A-206033,Skovvej 83,575219.25,6225560.24,industrial,31623000
A-205010,Toftevej 33,559957.60,6108524.82,residential,16830000
A-200777,Noerregade 104,526745.59,6250093.52,commercial,13445000
A-204770,Noerregade 105,721908.82,6173908.88,public,1122000
A-210800,Havnegade 101,505664.38,6142345.85,agricultural,2535000
A-201902,Stationsvej 167,576004.47,6258214.35,residential,40011000
A-203033,Toftevej 226,717688.77,6173972.90,residential,30922000
A-204137,Soendergade 212,709753.89,6191372.38,residential,26205000
A-211445,Moellevej 39,568171.73,6372924.01,residential,12744000
A-209825,Egevej 146,706381.40,6204454.65,industrial,10023000
A-203504,Bakkevej 19,497204.22,6110323.73,residential,21384000
A-201596,Vestergade 117,549321.98,6159276.77,industrial,6074000
A-206837,Toftevej 79,543425.30,6240420.87,agricultural,24867000
A-201101,Engvej 140,718369.29,6191826.50,residential,4425000
A-210989,Stationsvej 151,569949.41,6219910.18,residential,39932000
A-209627,Strandvej 73,575296.58,6246266.41,residential,27405000
A-204758,Egevej 160,721924.02,6194226.22,commercial,33537000
A-211829,Stationsvej 175,612428.29,6108032.33,public,25610000
A-202529,Skovvej 162,555578.67,6208643.68,residential,13127000
A-201032,Vestergade 236,577764.26,6135090.87,commercial,40759000
A-200546,Stationsvej 136,559815.36,6359065.51,residential,6680000
A-210152,Lindevej 85,507972.24,6219608.64,public,20278000
A-203180,Egevej 14,583882.58,6242915.01,industrial,30969000
A-209462,Moellevej 201,702146.33,6199662.36,residential,13793000
A-209729,Noerregade 49,706258.24,6189949.06,agricultural,6285000
A-204173,Havnegade 144,707366.98,6168860.32,commercial,41290000
A-201383,Engvej 30,592496.91,6127505.22,residential,36799000
A-203876,Soendergade 38,563667.74,6150548.39,public,35312000
A-202388,Strandvej 78,559719.45,6148103.31,residential,41086000
A-201257,Bakkevej 135,572436.80,6135126.03,industrial,23191000
A-212474,Lindevej 211,563356.55,6164522.53,agricultural,3942000
A-206015,Skovvej 69,562085.15,6164942.43,residential,33586000
A-208175,Lindevej 73,608547.54,6156753.43,agricultural,28929000
A-206360,Noerregade 205,555430.69,6225063.27,residential,9978000
A-214325,Engvej 42,713144.28,6204015.47,residential,26967000
A-206096,Soendergade 135,700052.51,6176239.35,residential,9196000
A-207437,Toftevej 10,549909.83,6152587.04,public,37632000
A-204563,Noerregade 143,543112.97,6209907.77,residential,29988000
A-209783,Noerregade 216,514870.87,6254564.34,industrial,23254000
A-210959,Toftevej 4,718347.26,6166587.52,residential,9530000
A-201377,Stationsvej 207,672590.14,6180696.02,industrial,9810000
A-204038,Noerregade 76,488707.25,6268904.45,agricultural,6200000
A-214382,Noerregade 133,495014.74,6156023.70,residential,9626000
A-208058,Stationsvej 155,595721.48,6363500.92,industrial,8318000
A-206651,Kirkevej 169,481182.58,6264652.03,industrial,4945000
A-210296,Vestergade 57,658350.49,6133693.10,residential,36042000
A-208394,Toftevej 152,544615.58,6211635.90,commercial,10350000
A-200714,Strandvej 12,529333.56,6294836.48,industrial,15598000
A-203024,Soendergade 13,546469.09,6202389.33,commercial,13184000
A-204092,Moellevej 18,566104.89,6231708.61,public,23442000
A-208235,Egevej 17,551753.47,6249207.05,residential,23814000
A-208988,Moellevej 210,702365.72,6150818.46,residential,6421000
A-208433,Aavej 51,582635.99,6259211.98,commercial,27325000
A-211433,Stationsvej 206,540870.05,6234547.47,agricultural,20624000
A-205526,Birkevej 165,570910.85,6209245.56,agricultural,28125000
A-210956,Vestergade 1,555389.88,6220413.70,residential,4314000
A-208322,Kirkevej 62,709939.83,6161470.15,commercial,31392000
A-202163,Birkevej 196,492666.60,6274062.43,residential,15556000
A-200906,Noerregade 221,652236.32,6122665.64,agricultural,15737000
A-206327,Moellevej 153,503786.31,6242581.68,agricultural,14649000
A-206333,Birkevej 186,704550.01,6195942.64,residential,21491000
A-211772,Toftevej 95,536645.43,6272066.36,public,30310000
A-214454,Skovvej 54,551479.22,6232344.46,residential,38507000
A-209189,Lindevej 56,634503.96,6188384.38,residential,3283000
A-206948,Toftevej 74,642803.40,6185669.77,industrial,35698000
A-211052,Skovvej 111,650096.06,6154864.47,residential,32579000
A-211973,Aavej 55,491920.08,6212039.07,industrial,40222000
A-208412,Soendergade 33,686662.07,6119446.31,residential,8264000
A-200780,Toftevej 73,719715.47,6202932.03,residential,22107000
A-202616,Toftevej 181,535037.50,6203053.62,residential,32941000
A-213578,Soendergade 80,557691.15,6226231.79,industrial,30016000
A-208640,Noerregade 191,584266.35,6202360.05,public,12725000
A-200681,Noerregade 51,496312.70,6172638.55,residential,3796000
A-214328,Lindevej 120,713094.72,6178129.89,public,37884000
A-211118,Birkevej 46,719092.56,6169077.16,residential,35507000
A-211988,Havnegade 109,563319.95,6252639.59,industrial,15377000
A-204416,Moellevej 42,484478.34,6263066.13,residential,18520000
A-207392,Aavej 147,679821.13,6169514.02,public,18989000
A-209441,Engvej 234,696919.88,6206805.40,commercial,13168000
A-213830,Moellevej 102,698996.14,6190532.42,residential,28618000
A-202544,Aavej 156,556590.85,6222987.22,residential,2958000
A-211778,Stationsvej 37,600797.59,6140950.85,agricultural,36540000
A-204626,Engvej 79,712805.81,6180184.32,public,15492000
A-210944,Stationsvej 138,717637.91,6186760.25,public,19949000
A-203990,Strandvej 124,708158.73,6177589.84,public,28702000
A-206492,Lindevej 124,532116.73,6185163.33,industrial,1045000
A-209504,Moellevej 81,582137.75,6240144.11,public,26450000
A-212963,Strandvej 55,573060.04,6146260.39,agricultural,31806000
A-203057,Strandvej 32,641596.46,6195018.50,public,27224000
A-203459,Vestergade 35,584004.89,6162335.95,residential,36013000
A-211934,Bakkevej 121,532674.08,6182162.03,industrial,20156000
A-206303,Noerregade 230,713833.32,6164113.12,residential,17087000
A-204926,Stationsvej 141,511110.05,6281435.00,residential,30249000
A-207248,Kirkevej 179,693314.77,6178583.91,industrial,34885000
A-205415,Soendergade 62,581191.52,6250617.69,residential,12436000
A-202679,Lindevej 225,642285.03,6189986.80,agricultural,38006000
A-203285,Strandvej 16,662847.45,6162266.72,residential,21587000
A-211823,Soendergade 193,713522.91,6176020.43,commercial,36626000
A-206711,Strandvej 76,676211.86,6122100.33,industrial,39651000
A-213143,Stationsvej 190,585969.42,6219306.89,public,20200000
A-213914,Bakkevej 34,707547.70,6180693.77,agricultural,10943000
A-201296,Bakkevej 3,706395.00,6135969.55,agricultural,38519000
A-202880,Havnegade 114,568970.34,6319443.18,commercial,40875000
A-201143,Engvej 231,574368.02,6215190.88,public,35884000
A-202574,Bakkevej 50,682725.32,6116136.58,agricultural,10800000
A-211940,Engvej 237,697153.38,6215347.67,public,5102000
A-210683,Egevej 160,572075.93,6347776.40,industrial,21550000
A-209570,Vestergade 121,700684.27,6144491.39,residential,8650000
A-214805,Stationsvej 126,659945.54,6169430.44,agricultural,37770000
A-214988,Birkevej 192,725914.39,6194521.90,residential,18393000
A-207965,Lindevej 228,502586.07,6237667.94,residential,34055000
A-204536,Moellevej 189,709336.57,6209788.83,residential,20687000
A-206276,Birkevej 187,478906.27,6207857.03,commercial,20366000
A-202001,Toftevej 85,673798.72,6161039.39,residential,11278000
A-206210,Havnegade 125,716184.89,6200358.37,industrial,38746000
A-202433,Toftevej 93,559027.16,6207481.37,residential,15194000
A-210515,Engvej 102,574218.64,6223331.15,industrial,5418000
A-214658,Bakkevej 21,722842.23,6215832.27,residential,15237000
A-211694,Vestergade 81,540180.76,6198436.69,residential,21846000
A-207914,Vestergade 117,708323.14,6197892.47,agricultural,40800000
A-200885,Strandvej 111,704547.64,6195172.50,agricultural,3793000
A-206795,Soendergade 145,686240.80,6187260.22,residential,9059000
A-203999,Bakkevej 41,715418.86,6210677.83,residential,29997000
A-204398,Engvej 227,709600.71,6192050.84,agricultural,37386000
A-201641,Stationsvej 229,577714.56,6308173.85,industrial,2956000
A-205886,Egevej 186,700318.17,6189706.61,residential,26308000
A-214178,Noerregade 194,566668.99,6227713.71,agricultural,21344000
A-211013,Toftevej 119,640878.83,6180487.24,residential,17127000
A-205946,Soendergade 193,560227.87,6342064.19,industrial,903000
A-204362,Egevej 151,720124.48,6216339.28,commercial,40771000
A-206738,Strandvej 153,575832.89,6197741.15,residential,11455000
A-201485,Soendergade 158,713942.22,6215119.18,industrial,33793000
A-209684,Toftevej 59,576478.33,6199310.93,residential,8944000
A-203057,Bakkevej 83,544822.94,6114137.86,residential,16433000
A-207674,Birkevej 167,717581.93,6208320.83,industrial,4367000
A-205829,Noerregade 5,705745.30,6172725.77,agricultural,2045000
A-212570,Aavej 144,538398.57,6269301.25,residential,11495000
A-213281,Birkevej 65,725435.87,6216894.02,residential,38904000
A-200147,Kirkevej 90,680581.86,6143219.90,agricultural,32496000
A-213398,Soendergade 82,490796.89,6164671.56,residential,32156000
A-209771,Skovvej 205,569249.62,6131979.22,agricultural,36255000
A-201893,Moellevej 153,665726.73,6200034.11,residential,13508000
A-212576,Soendergade 44,701100.54,6212382.96,agricultural,678000
A-210026,Engvej 235,538940.56,6252408.86,agricultural,37492000
A-208733,Engvej 44,581342.79,6113868.15,agricultural,13467000
A-205712,Toftevej 134,678534.30,6185591.45,commercial,1370000
A-214718,Kirkevej 118,698203.44,6148028.80,residential,37100000
A-202214,Egevej 149,573044.87,6267537.99,residential,40782000
A-213377,Skovvej 169,706369.48,6182187.40,residential,7865000
A-208745,Soendergade 35,522241.03,6376180.17,residential,3833000
A-208376,Skovvej 226,633169.60,6164364.38,agricultural,4099000
A-212588,Bakkevej 19,538667.30,6305685.81,residential,30953000
A-207284,Lindevej 60,727739.24,6174772.14,commercial,40233000
A-208601,Egevej 65,525060.85,6161852.52,residential,522000
A-207722,Aavej 104,714731.05,6214602.00,public,37207000
A-212234,Bakkevej 129,503092.36,6228370.85,commercial,32250000
A-206321,Vestergade 100,540050.42,6357641.70,residential,38070000
A-205652,Stationsvej 17,550976.80,6229829.45,commercial,1056000
A-214607,Toftevej 85,563829.04,6116443.99,residential,26929000
A-200321,Soendergade 210,648011.74,6114951.64,residential,13733000
A-200261,Bakkevej 185,560373.92,6243924.06,residential,36662000
A-210905,Havnegade 220,659312.04,6138119.80,residential,11326000
A-209840,Egevej 129,705304.48,6172027.80,residential,7109000
A-205490,Stationsvej 129,698377.87,6187098.88,commercial,12285000
A-213647,Stationsvej 58,722379.26,6216968.30,agricultural,21500000
A-205391,Aavej 157,707091.51,6213227.56,residential,9072000
A-202283,Bakkevej 19,500322.67,6287561.60,residential,26287000
A-209321,Toftevej 238,670190.63,6194505.53,agricultural,10845000
A-207011,Soendergade 37,501616.07,6271159.71,agricultural,19727000
A-206876,Engvej 224,634399.72,6115139.28,industrial,13621000
A-204086,Noerregade 209,635692.41,6140479.65,residential,38300000
A-206042,Stationsvej 28,720326.68,6209137.18,residential,26660000
A-212708,Skovvej 89,659998.40,6164395.54,residential,16066000
A-205316,Birkevej 165,691903.92,6193341.89,industrial,25426000
A-212300,Stationsvej 38,561391.35,6260031.81,residential,22569000
A-201098,Egevej 40,502252.43,6176247.37,public,30043000
A-208829,Engvej 221,584269.48,6247011.72,residential,20157000
A-212024,Bakkevej 157,538422.28,6174195.32,residential,29780000
A-214535,Strandvej 59,639332.22,6142737.96,agricultural,7731000
A-207497,Birkevej 112,697064.88,6205342.56,residential,6672000
A-210638,Egevej 30,549741.49,6216468.52,industrial,32141000
A-209105,Stationsvej 225,511205.44,6123178.17,public,9930000
A-202316,Egevej 204,568825.58,6166925.14,residential,33885000
A-212036,Skovvej 178,699236.21,6204440.16,public,14488000
A-212939,Egevej 47,541013.40,6217722.78,residential,12070000
A-201971,Kirkevej 110,672860.62,6189107.63,residential,31084000
A-208862,Lindevej 160,590931.32,6115533.51,residential,20570000
A-206120,Vestergade 218,714869.04,6173561.16,public,8090000
A-206006,Vestergade 22,726872.75,6164152.10,agricultural,26034000
A-200750,Vestergade 61,596432.64,6315219.88,public,37847000
A-203393,Toftevej 4,711544.82,6167064.24,public,41116000
A-202004,Skovvej 7,543993.51,6244404.44,public,4144000
A-202469,Egevej 103,641626.20,6139269.53,agricultural,40809000
A-203711,Stationsvej 122,648400.09,6165745.65,public,1713000
A-202859,Kirkevej 181,524197.82,6083764.08,residential,36754000
A-205742,Noerregade 231,530919.59,6179262.14,agricultural,37485000
A-210323,Strandvej 91,490270.92,6205774.50,residential,27654000
A-201872,Havnegade 176,648151.84,6129799.61,residential,6527000
A-206972,Bakkevej 162,533219.54,6180176.38,residential,26660000
A-201728,Strandvej 106,572681.17,6383290.92,industrial,4477000
A-209792,Engvej 116,497620.51,6188462.37,commercial,21092000
A-209576,Birkevej 45,535177.03,6141197.36,public,41509000
A-203633,Skovvej 191,722550.58,6181577.54,commercial,34368000
A-214529,Toftevej 202,705341.53,6203050.72,industrial,2109000
A-207314,Lindevej 40,655988.66,6180416.62,residential,35075000
A-211262,Strandvej 224,575083.13,6324508.35,agricultural,5718000
A-211280,Stationsvej 149,668550.42,6134911.97,public,23168000
A-209696,Birkevej 220,551191.02,6267715.37,commercial,14930000
A-200831,Moellevej 10,475920.69,6283028.18,residential,19228000
A-208655,Engvej 69,679903.50,6186556.89,residential,2185000
A-214277,Kirkevej 67,719860.03,6193342.82,commercial,15512000
A-202007,Stationsvej 177,517330.22,6177441.03,residential,10443000
A-208874,Engvej 104,580173.81,6238386.95,agricultural,26662000
A-208772,Moellevej 141,678452.62,6185855.39,residential,22446000
A-202358,Bakkevej 20,497121.10,6236132.18,industrial,3681000
A-214589,Havnegade 215,718155.97,6210513.80,residential,16998000
A-202427,Stationsvej 186,538163.82,6238764.18,public,34434000
A-203051,Vestergade 130,548067.89,6342404.29,commercial,5827000
A-213263,Moellevej 3,499122.85,6145858.61,residential,23574000
A-213104,Skovvej 94,703634.47,6179732.64,industrial,12298000
A-204440,Aavej 90,490184.66,6236390.41,public,20939000
A-204257,Noerregade 116,474702.38,6133869.37,industrial,38136000
A-206609,Havnegade 197,553341.94,6120741.26,industrial,36736000
A-213614,Birkevej 86,475884.83,6154760.78,commercial,40668000
A-210755,Vestergade 21,605469.46,6150501.84,public,26405000
A-212444,Birkevej 43,486617.19,6093177.14,residential,31616000
A-214217,Soendergade 29,715307.19,6165145.88,industrial,21337000
A-209777,Stationsvej 54,565807.39,6199963.12,residential,16674000
A-210284,Lindevej 211,697554.45,6150925.95,agricultural,28337000
A-201242,Egevej 79,708055.91,6192699.81,residential,31787000
A-201344,Lindevej 116,726716.85,6181093.43,residential,8063000
A-204437,Stationsvej 212,642144.20,6166833.58,residential,39122000
A-202865,Havnegade 68,712652.37,6193987.13,industrial,24515000
A-200954,Aavej 186,519792.96,6331009.72,residential,23419000
A-203609,Bakkevej 231,668659.80,6172857.53,public,32285000
A-213983,Lindevej 46,532069.31,6175047.20,industrial,38942000
A-209288,Lindevej 230,517593.24,6246902.68,public,17047000
A-205610,Kirkevej 172,671380.33,6128146.63,agricultural,29475000
A-202829,Stationsvej 231,530337.94,6126905.36,agricultural,8660000
A-213257,Havnegade 34,670681.17,6170578.89,commercial,2536000
A-208886,Toftevej 90,719525.49,6179316.91,residential,25193000
A-201041,Toftevej 55,585332.72,6246531.05,residential,19451000
A-201527,Toftevej 224,692925.92,6172669.31,residential,35782000
A-206144,Skovvej 14,658727.68,6161634.45,residential,24784000
A-203411,Aavej 51,703504.55,6191227.75,residential,41141000
A-201005,Engvej 237,724200.52,6198795.44,industrial,29482000
A-212921,Moellevej 177,574009.36,6165084.77,public,15525000
A-210065,Moellevej 112,725029.78,6166366.57,residential,41004000
A-214313,Birkevej 146,709167.83,6205703.57,residential,36828000
A-211334,Skovvej 20,543948.53,6197949.85,commercial,8409000
A-212027,Soendergade 77,697662.11,6194599.88,residential,38362000
A-213443,Strandvej 47,586674.50,6198122.60,residential,4389000
A-209102,Strandvej 85,704342.50,6192852.29,residential,4754000
A-205928,Egevej 40,520819.88,6213980.29,residential,36324000
A-214166,Aavej 174,561044.70,6120218.44,industrial,25286000
A-212423,Aavej 145,489606.34,6262674.36,industrial,25371000
A-201395,Lindevej 34,539913.78,6185683.44,residential,39186000
A-202403,Strandvej 187,670109.13,6186365.00,industrial,39623000
A-206204,Stationsvej 227,678907.13,6200572.99,residential,2007000
A-206138,Skovvej 195,704502.20,6188957.34,public,20814000
A-209198,Stationsvej 169,553533.26,6271004.57,commercial,36761000
A-201182,Soendergade 15,558659.06,6267959.92,public,29805000
A-203417,Bakkevej 166,717995.75,6203269.80,industrial,16788000
A-201734,Engvej 49,565210.32,6220525.09,residential,26413000
A-200678,Skovvej 55,652000.48,6187993.83,commercial,37971000
A-214568,Havnegade 228,725911.64,6182680.73,public,39711000
A-213884,Lindevej 27,538481.05,6271189.60,industrial,18905000
A-205367,Lindevej 9,581886.32,6128925.79,residential,31667000
A-214139,Noerregade 83,713498.38,6179126.93,commercial,2847000
A-209369,Strandvej 230,564973.66,6263562.32,residential,7995000
A-212624,Toftevej 196,577734.19,6261465.58,commercial,12298000
A-202502,Strandvej 124,613263.64,6116246.14,agricultural,13403000
A-200732,Aavej 193,703587.30,6181060.62,industrial,38594000
A-211715,Bakkevej 75,536492.36,6265618.45,residential,29714000
A-211115,Bakkevej 7,600592.88,6099311.66,residential,38565000
A-201146,Soendergade 196,520378.59,6225795.25,industrial,3143000
A-201107,Toftevej 72,609074.22,6162287.79,agricultural,23098000
A-205115,Engvej 77,698988.66,6153274.79,residential,17998000
A-207461,Havnegade 173,548914.69,6254126.44,residential,18051000
A-202571,Kirkevej 62,720003.33,6186123.48,residential,24359000
A-208274,Birkevej 151,672513.44,6121049.48,agricultural,21840000
A-214664,Toftevej 193,706045.30,6196584.08,industrial,26657000
A-203660,Skovvej 155,547955.32,6378927.61,public,20672000
A-212360,Lindevej 142,667133.39,6176081.58,public,8559000
A-210968,Havnegade 23,703574.08,6116573.92,industrial,31271000
A-206585,Stationsvej 133,611259.15,6164741.23,agricultural,4170000
A-214922,Aavej 198,574178.26,6218514.81,agricultural,33795000
A-211583,Moellevej 158,572180.13,6155942.91,residential,32591000
A-201884,Stationsvej 84,548786.72,6094069.27,residential,3302000
A-204929,Moellevej 138,650513.92,6160511.18,commercial,27882000
A-201332,Bakkevej 205,653268.18,6181683.59,commercial,17562000
A-207071,Skovvej 45,477980.98,6291082.62,public,3315000
A-210383,Skovvej 92,590513.47,6144717.56,residential,8512000
A-212171,Stationsvej 110,655221.11,6128592.01,residential,11685000
A-201056,Skovvej 71,720534.94,6183736.93,commercial,13155000
A-204671,Engvej 131,676343.12,6145843.97,commercial,10877000
A-208190,Toftevej 99,583494.53,6193936.49,public,37777000
A-207047,Havnegade 224,681644.15,6188079.30,commercial,10200000
A-210653,Stationsvej 70,659281.43,6152059.22,residential,20251000
A-205073,Skovvej 207,700691.49,6167658.82,agricultural,27459000
A-201746,Toftevej 198,650059.34,6139403.48,public,39806000
A-213719,Vestergade 240,576635.86,6232225.78,industrial,22413000
A-213746,Egevej 104,653250.71,6123992.20,agricultural,38195000
A-208340,Kirkevej 137,583104.01,6260181.47,industrial,40333000
A-213500,Kirkevej 194,677986.25,6159456.96,public,12253000
A-210542,Stationsvej 20,701461.34,6154580.10,commercial,33299000
A-200636,Soendergade 95,699290.62,6216058.52,residential,6807000
A-207083,Vestergade 99,562284.23,6239941.03,residential,16359000
A-212531,Soendergade 133,713460.58,6197733.48,residential,7650000
A-214097,Lindevej 139,702599.33,6161502.25,residential,25047000
A-208853,Strandvej 90,698151.71,6162163.90,commercial,40141000
A-200645,Skovvej 201,705849.59,6208233.62,agricultural,41948000
A-206522,Kirkevej 34,715850.43,6192600.79,public,858000
A-209057,Skovvej 219,578321.18,6203990.39,public,8729000
A-207773,Aavej 189,560286.78,6229681.91,agricultural,32287000
A-203102,Aavej 48,516015.23,6114107.40,industrial,19846000
A-202802,Toftevej 18,714926.84,6188263.60,residential,34425000
A-209579,Stationsvej 215,711735.21,6194758.92,commercial,25627000
A-202877,Toftevej 47,664524.27,6141858.47,industrial,4634000
A-207143,Strandvej 192,559126.63,6253070.05,residential,12204000
A-208022,Moellevej 50,512320.63,6343770.30,residential,15028000
A-214466,Toftevej 48,494104.76,6295947.23,residential,3486000
A-202460,Havnegade 147,566680.39,6253086.97,residential,40769000
A-203105,Lindevej 96,713719.39,6198873.90,public,38217000
A-214064,Skovvej 30,701691.80,6211360.26,residential,593000
A-205250,Bakkevej 73,700625.37,6214475.36,residential,36520000
A-211871,Toftevej 142,564891.76,6132410.18,commercial,4829000
A-211424,Kirkevej 49,562814.27,6125729.64,industrial,41646000
A-213329,Engvej 116,678045.25,6178385.97,agricultural,25379000
A-205295,Engvej 233,644450.68,6178331.63,agricultural,22664000
A-207419,Vestergade 222,701587.85,6171864.88,commercial,9113000
A-201134,Engvej 183,616123.41,6127761.73,industrial,30111000
A-214997,Moellevej 65,709464.19,6213468.11,residential,13158000
A-204656,Strandvej 55,559281.23,6264989.53,public,27391000
A-200969,Noerregade 76,702914.15,6202920.63,residential,36195000
A-210326,Moellevej 39,712364.33,6197858.28,residential,24912000
A-212849,Stationsvej 136,548268.06,6129611.03,agricultural,36736000
A-202085,Toftevej 46,550252.45,6225139.42,residential,4320000
A-212396,Lindevej 143,672134.30,6159312.95,residential,9342000
A-208106,Strandvej 131,664442.56,6124439.22,residential,5037000
A-203036,Vestergade 81,706601.38,6200627.95,residential,2865000
A-209870,Soendergade 86,553252.78,6253128.57,residential,30832000
A-207068,Lindevej 120,577108.60,6211056.93,residential,12751000
A-206465,Aavej 42,495240.47,6211951.40,public,10931000
A-211220,Vestergade 44,559169.90,6227635.76,residential,23953000
A-208331,Birkevej 49,697483.17,6206669.15,commercial,36364000
A-206357,Egevej 216,729289.72,6173301.43,residential,23509000
A-207212,Strandvej 44,538189.14,6226477.15,residential,18661000
A-201842,Stationsvej 60,540505.89,6262806.89,residential,17618000
A-213740,Bakkevej 165,530082.36,6324411.45,residential,1709000
A-207296,Strandvej 63,668400.81,6142222.77,residential,28454000
A-206771,Bakkevej 35,579568.70,6163191.39,public,41316000
A-214763,Bakkevej 28,583772.00,6232994.93,commercial,37430000
A-201074,Egevej 78,703280.75,6197467.31,public,2635000
A-207731,Stationsvej 200,524410.19,6263210.52,commercial,19081000
A-200984,Bakkevej 120,728123.47,6167232.04,commercial,17971000
A-204014,Birkevej 25,517130.22,6365862.17,industrial,19344000
A-204161,Vestergade 237,544098.40,6214526.81,residential,5466000
A-206504,Toftevej 189,727151.13,6176797.50,residential,20469000
A-214976,Aavej 189,714561.54,6212096.29,residential,30751000
A-212876,Lindevej 179,718173.06,6215040.60,residential,16395000
A-213686,Noerregade 199,638591.11,6198110.02,commercial,24659000
A-213971,Aavej 162,718443.32,6213875.57,residential,10267000
A-203078,Kirkevej 94,714976.88,6213690.69,public,6657000
A-207218,Skovvej 120,549276.53,6261738.92,residential,36799000
A-204761,Vestergade 98,711250.05,6215803.21,residential,28117000
A-201890,Bakkevej 183,701436.96,6170572.12,residential,2578000
A-204191,Moellevej 123,552203.46,6271091.76,public,8496000
A-211184,Toftevej 102,666605.35,6147451.25,residential,38559000
A-201623,Noerregade 117,550010.16,6207476.53,commercial,25870000
A-205637,Lindevej 41,711681.00,6212190.78,residential,20181000
A-205202,Havnegade 181,484504.42,6223987.76,residential,20477000
A-204557,Soendergade 114,568438.17,6136261.13,residential,20595000
A-203531,Noerregade 153,693978.39,6199508.88,commercial,22072000
A-205985,Engvej 2,538225.43,6203928.51,residential,2284000
A-212753,Engvej 101,718145.86,6206333.95,residential,38058000
A-201959,Lindevej 186,579843.81,6246780.07,public,4803000
A-209987,Engvej 84,720706.22,6177272.98,agricultural,781000
A-200684,Havnegade 7,682998.12,6124543.89,public,3072000
A-207488,Skovvej 107,653069.14,6130284.02,residential,8382000
A-206441,Noerregade 222,720842.87,6212829.25,industrial,31224000
A-210407,Moellevej 112,704238.90,6167422.50,residential,491000
A-214862,Vestergade 110,716281.85,6176029.58,agricultural,39626000
A-200918,Havnegade 171,645530.45,6191001.75,industrial,3722000
A-211925,Noerregade 69,667063.78,6178028.44,industrial,6529000
A-205019,Egevej 48,551494.73,6258124.95,industrial,40520000
A-207170,Moellevej 222,681671.54,6202656.07,commercial,40499000
A-211391,Soendergade 88,707291.06,6213319.30,commercial,22642000
A-211958,Soendergade 36,665420.20,6172014.76,residential,24153000
A-207518,Aavej 142,487872.06,6135755.72,residential,19267000
A-213107,Birkevej 41,670820.95,6189821.19,agricultural,33610000
A-206012,Stationsvej 195,704771.31,6160975.05,residential,24798000
A-212408,Havnegade 182,719258.66,6200484.24,residential,28196000
A-204638,Skovvej 138,713425.33,6185913.77,residential,29383000
A-206915,Noerregade 21,527539.50,6128214.58,industrial,14244000
A-206162,Strandvej 88,702251.32,6191956.54,residential,13381000
A-202268,Skovvej 183,722249.79,6162765.22,public,9571000
A-200726,Strandvej 154,541441.89,6223029.42,agricultural,9771000
A-210485,Skovvej 196,560761.22,6269542.84,residential,30709000
A-205301,Birkevej 12,661480.59,6140876.29,residential,35187000
A-207596,Havnegade 133,566695.96,6201102.47,public,1876000
A-206600,Skovvej 30,540253.52,6215477.37,public,27016000
A-205037,Lindevej 48,700852.31,6183748.88,public,20464000
A-212432,Strandvej 114,576533.08,6140795.79,commercial,1495000
A-209417,Noerregade 140,574045.56,6342441.59,residential,5493000
A-202337,Noerregade 138,604364.38,6123725.34,residential,35553000
A-214793,Havnegade 106,725121.42,6190175.87,agricultural,24185000
A-200402,Kirkevej 226,577696.29,6149480.27,industrial,3205000
A-203075,Kirkevej 9,584702.94,6153974.04,commercial,17339000
A-200765,Moellevej 75,485025.18,6179971.45,residential,32464000
A-210917,Skovvej 141,570428.66,6369359.42,residential,15586000
A-203930,Kirkevej 152,554891.30,6246180.17,industrial,28388000
A-211859,Kirkevej 176,670697.37,6148897.53,public,14015000
A-211661,Skovvej 177,601808.27,6167104.16,public,22813000
A-201632,Bakkevej 116,553027.95,6113640.08,agricultural,27383000
A-208841,Lindevej 134,633299.08,6137664.96,residential,36098000
A-211910,Soendergade 216,712742.93,6170692.16,residential,7131000
A-214853,Kirkevej 33,700707.38,6180338.04,agricultural,36449000
A-200942,Soendergade 7,567538.95,6134678.46,commercial,11261000
A-208052,Vestergade 189,705886.60,6166535.39,public,21225000
A-206018,Stationsvej 229,569381.98,6268402.89,commercial,32815000
A-207890,Egevej 126,558511.48,6232897.36,commercial,12709000
A-211547,Noerregade 175,478307.80,6294098.83,industrial,22890000
A-203771,Toftevej 41,706518.86,6180129.70,public,13662000
A-212603,Moellevej 213,558885.63,6230786.75,public,18240000
A-211856,Skovvej 108,715261.24,6206046.84,residential,3703000
A-200582,Moellevej 196,641890.95,6141779.83,agricultural,32994000
A-200030,Moellevej 47,671286.17,6145294.14,residential,18493000
A-214892,Egevej 1,720812.20,6169842.47,commercial,8314000
A-207788,Stationsvej 77,725366.24,6176060.27,residential,28438000
A-208991,Aavej 84,570246.22,6263655.01,industrial,32835000
A-208922,Engvej 102,684312.74,6136865.51,residential,21690000
A-200150,Aavej 116,646989.83,6184643.30,residential,24245000
A-205199,Skovvej 216,566709.04,6199363.95,public,37493000
A-205586,Moellevej 1,517965.05,6229101.19,commercial,12679000
A-205934,Vestergade 136,552697.21,6105178.74,residential,15887000
A-204131,Egevej 53,543476.79,6238373.96,industrial,25300000
A-210263,Stationsvej 71,496461.32,6284951.37,residential,5210000
A-204617,Kirkevej 108,566026.81,6141721.42,residential,3897000
A-200444,Birkevej 12,685386.45,6116363.45,residential,32421000
A-200372,Skovvej 36,636857.01,6195323.28,residential,30303000
A-200768,Stationsvej 144,682724.01,6131440.74,residential,10631000
A-204302,Kirkevej 10,580592.99,6153463.87,public,18707000
A-209834,Engvej 87,585493.12,6160759.82,commercial,18547000
A-205568,Skovvej 154,717007.18,6181789.64,residential,3701000
A-205889,Egevej 168,646269.82,6155433.28,agricultural,15573000
A-205802,Skovvej 134,700682.51,6187788.90,residential,10236000
A-210125,Toftevej 114,714437.38,6216123.02,residential,10824000
A-205979,Strandvej 222,707713.07,6161134.99,residential,25179000
A-206201,Noerregade 42,544369.46,6223810.25,residential,21321000
A-200624,Aavej 180,543554.25,6196237.36,agricultural,21162000
A-202187,Kirkevej 112,727775.09,6179973.27,industrial,22926000
A-208910,Havnegade 11,711237.89,6170066.80,industrial,7255000
A-208712,Strandvej 33,699243.01,6177414.21,residential,18241000
A-211928,Egevej 117,718390.53,6213397.11,residential,39117000
A-213722,Egevej 60,720451.25,6197388.54,agricultural,5408000
A-205118,Soendergade 15,712637.14,6207065.56,commercial,27091000
A-212801,Soendergade 184,554184.15,6252321.78,commercial,39212000
A-210317,Havnegade 1,577883.57,6250504.85,commercial,10653000
A-202178,Soendergade 157,478709.89,6221490.17,residential,33138000
A-214022,Noerregade 221,664386.22,6132099.71,residential,8815000
A-213236,Soendergade 65,578862.72,6103709.50,industrial,9296000
A-211769,Bakkevej 204,542617.50,6194706.63,commercial,20679000
A-204122,Birkevej 91,538440.97,6243593.59,residential,17049000
A-202064,Noerregade 174,610027.52,6101576.35,residential,40364000
A-206264,Egevej 152,556763.03,6140367.83,commercial,39003000
A-211667,Vestergade 3,547434.21,6218925.87,commercial,24619000
A-214709,Vestergade 104,504737.62,6241286.51,public,11292000
A-213167,Vestergade 212,557494.52,6265262.92,residential,41984000
A-211331,Noerregade 237,715298.67,6191824.37,residential,26010000
A-212714,Noerregade 17,584781.36,6371178.68,residential,29562000
A-210491,Skovvej 77,530024.10,6154747.47,residential,37853000
A-213668,Birkevej 123,698928.70,6193742.05,public,32468000
A-205535,Birkevej 110,710815.54,6203557.90,commercial,8995000
A-205184,Bakkevej 97,499276.52,6192794.13,commercial,30898000
A-211379,Lindevej 189,545485.10,6340751.88,commercial,19477000
A-209168,Birkevej 43,709436.24,6212379.08,agricultural,26344000
A-212846,Soendergade 136,701732.34,6181533.95,public,29987000
A-209666,Toftevej 145,653784.13,6192144.29,agricultural,20497000
A-205454,Havnegade 156,708023.04,6201560.92,agricultural,30366000
A-210155,Birkevej 125,570855.63,6167466.55,residential,36129000
A-208943,Moellevej 39,647856.62,6151689.53,residential,38536000
A-210122,Birkevej 145,682212.80,6180012.35,residential,35806000
A-205328,Toftevej 85,489092.34,6159007.77,residential,9747000
A-207080,Stationsvej 200,700609.29,6186267.73,public,2652000
A-203402,Stationsvej 36,633507.92,6154523.23,public,24984000
A-206240,Aavej 231,703511.43,6164944.28,agricultural,13068000
A-211070,Vestergade 38,569887.15,6214527.64,agricultural,26964000
A-203690,Toftevej 218,701585.56,6158490.07,commercial,23574000
A-214007,Egevej 94,550194.47,6137752.99,commercial,12378000
A-213908,Moellevej 130,633526.48,6140777.68,public,39672000
A-206483,Vestergade 115,575765.16,6377150.24,residential,24674000
A-204119,Kirkevej 59,540929.95,6201731.17,residential,20506000
A-209540,Skovvej 147,706944.92,6165194.53,agricultural,38627000
A-214694,Toftevej 122,682101.69,6147688.05,public,14419000
A-204017,Aavej 13,530065.67,6265544.24,public,29745000
A-207260,Strandvej 13,663825.38,6139194.80,residential,15026000
A-205748,Toftevej 148,480612.61,6188725.19,residential,38720000
A-206243,Kirkevej 42,557915.40,6242100.44,agricultural,33088000
A-203381,Havnegade 59,553627.07,6259079.99,residential,22344000
A-204518,Stationsvej 86,560769.37,6110785.71,commercial,499000
A-200516,Aavej 20,713528.33,6179471.77,industrial,21284000
A-214070,Noerregade 126,724178.93,6199730.07,commercial,6360000
A-208169,Engvej 84,646735.30,6123574.32,residential,31562000
A-202382,Egevej 140,726333.24,6174428.65,residential,26474000
A-213326,Vestergade 26,717176.58,6180895.20,industrial,10262000
A-202706,Havnegade 48,591657.12,6125330.29,public,29624000
A-205799,Skovvej 214,502255.85,6260219.95,residential,13481000
A-200663,Skovvej 145,488250.55,6254418.68,residential,12051000
A-201083,Noerregade 10,576826.90,6160896.21,commercial,1454000
A-211901,Stationsvej 144,717006.56,6195302.05,residential,28751000
A-206975,Bakkevej 183,580573.85,6145332.43,agricultural,19131000
A-203153,Skovvej 184,699417.37,6200032.87,industrial,10032000
A-205397,Birkevej 7,681351.55,6146894.38,agricultural,32827000
A-213980,Havnegade 148,719781.48,6195334.93,residential,10626000
A-205412,Lindevej 101,554101.97,6326408.79,public,32082000
A-203408,Moellevej 177,561816.26,6154002.14,residential,12201000
A-207725,Kirkevej 40,553651.33,6234472.03,public,39248000
A-213197,Noerregade 235,508828.98,6305832.72,commercial,23588000
A-201671,Egevej 235,584211.26,6201193.95,agricultural,35044000
A-207365,Noerregade 78,541512.78,6269283.88,residential,12519000
A-213455,Lindevej 92,716369.34,6188058.93,agricultural,26877000
A-200705,Toftevej 102,506314.66,6162898.41,residential,21113000
A-204554,Strandvej 47,564422.47,6192985.99,industrial,17138000
A-210932,Strandvej 184,713381.72,6215683.43,industrial,23613000
A-209909,Moellevej 145,712092.21,6191558.24,residential,4204000
A-207539,Aavej 4,720324.12,6173875.91,industrial,1005000
A-203795,Strandvej 171,540627.26,6242976.17,residential,6660000
A-207887,Stationsvej 51,533813.53,6090517.05,residential,6596000
A-201674,Noerregade 184,654869.26,6168316.33,residential,14141000
A-208967,Engvej 190,549511.29,6148076.95,public,26124000
A-207686,Bakkevej 130,723221.26,6173740.08,residential,5857000
A-208913,Havnegade 210,574125.37,6233233.14,residential,4970000
A-211712,Birkevej 215,489015.36,6291143.61,industrial,9136000
A-206870,Noerregade 169,565848.37,6130500.13,industrial,20757000
A-202442,Noerregade 87,552883.92,6228056.14,commercial,16637000
A-202922,Strandvej 57,524463.08,6198064.70,agricultural,4960000
A-209822,Egevej 208,522261.01,6335209.26,industrial,10511000
A-210506,Engvej 100,706544.07,6193228.08,agricultural,28837000
A-210029,Engvej 87,540717.55,6260627.42,commercial,41100000
A-204653,Havnegade 79,686884.47,6189668.26,residential,25107000
A-207305,Soendergade 128,569217.18,6232402.55,residential,19352000
A-209423,Noerregade 165,579372.81,6119477.06,residential,3942000
A-204881,Havnegade 176,683180.79,6173823.74,agricultural,40871000
A-213962,Strandvej 33,574100.69,6235613.10,commercial,4252000
A-213584,Egevej 187,500178.16,6129527.79,residential,27824000
A-214163,Strandvej 71,714836.97,6188204.37,public,21499000
A-211898,Bakkevej 38,542583.73,6238586.50,residential,40765000
A-205481,Strandvej 87,558010.23,6339037.07,industrial,12365000
A-202223,Skovvej 36,547303.63,6201364.67,commercial,31138000
A-207992,Birkevej 129,521470.45,6242663.41,public,38743000
A-204773,Lindevej 188,483132.93,6228586.70,residential,26895000
A-207665,Strandvej 223,494738.05,6193637.18,public,24263000
A-212186,Noerregade 154,571518.55,6264096.14,agricultural,16462000
A-201869,Birkevej 196,548124.13,6090231.20,residential,30876000
A-210320,Havnegade 10,576806.29,6331166.88,residential,24176000
A-207830,Kirkevej 183,538502.28,6268021.68,residential,26524000
A-206687,Stationsvej 119,516849.66,6335032.85,industrial,16972000
A-211256,Engvej 165,658853.23,6123225.79,industrial,25296000
A-214031,Skovvej 108,703316.26,6164122.62,public,28280000
A-211754,Egevej 58,685555.58,6116609.64,residential,13199000
A-210392,Engvej 2,543302.80,6252289.34,residential,31546000
A-210359,Engvej 161,722121.90,6177219.21,agricultural,32167000
A-211652,Lindevej 152,706982.78,6179969.99,commercial,25863000
A-206372,Strandvej 56,703750.14,6191401.21,commercial,6062000
A-208523,Engvej 221,534058.43,6134711.28,industrial,18278000
A-201122,Egevej 73,583284.09,6140724.75,industrial,29462000
A-213974,Strandvej 72,685086.39,6198775.45,public,23411000
A-206477,Toftevej 203,635589.10,6128665.09,residential,17244000
A-200474,Toftevej 50,705620.83,6187853.22,residential,16654000
A-209333,Aavej 177,673035.73,6173380.76,industrial,33256000
A-203816,Havnegade 17,677365.43,6184176.29,residential,30885000
A-204140,Egevej 230,498040.68,6178934.65,agricultural,11553000
A-205541,Engvej 73,691669.16,6146281.11,agricultural,1991000
A-201821,Aavej 84,526352.64,6146459.25,residential,6628000
A-205898,Engvej 233,716096.06,6166823.50,residential,9997000
A-205208,Egevej 186,507266.00,6254809.91,commercial,15583000
A-203360,Noerregade 77,540661.64,6225230.31,residential,35442000
A-206432,Lindevej 7,574504.65,6113654.07,agricultural,40276000
A-203522,Havnegade 192,654081.18,6147736.60,agricultural,20297000
A-203933,Strandvej 122,710053.17,6209901.39,commercial,18822000
A-203717,Moellevej 97,705438.97,6185376.98,commercial,34532000
A-200612,Stationsvej 161,560799.59,6243463.07,residential,20644000
A-200387,Bakkevej 67,708995.38,6193249.25,residential,13604000
A-205427,Birkevej 122,580587.76,6211869.50,industrial,14299000
A-212168,Vestergade 18,543298.48,6206172.98,residential,3692000
A-203927,Bakkevej 45,549061.14,6155140.99,residential,23345000
A-206474,Strandvej 164,584865.87,6150414.14,residential,40863000
A-205112,Kirkevej 97,649266.01,6118499.95,public,34660000
A-202577,Moellevej 196,550946.77,6253983.70,industrial,15659000
A-207599,Toftevej 37,585416.23,6349185.97,agricultural,17547000
A-208484,Havnegade 104,476594.15,6106720.68,residential,4142000
A-201461,Lindevej 94,564940.26,6262821.31,residential,37375000
A-210839,Aavej 122,656408.18,6146041.57,residential,33497000
A-208559,Aavej 112,583908.66,6250830.69,residential,18975000
A-204377,Havnegade 187,724001.55,6189612.32,residential,26931000
A-206867,Havnegade 83,672455.16,6175379.86,agricultural,14448000
A-209849,Soendergade 203,476122.23,6276918.50,residential,38618000
A-212435,Stationsvej 110,484414.68,6276280.48,commercial,26716000
A-212468,Skovvej 139,703593.81,6208925.45,industrial,5835000
A-204299,Soendergade 226,483245.61,6233143.50,agricultural,16133000
A-200069,Soendergade 62,584921.95,6333306.75,public,28308000
A-210236,Soendergade 48,548647.48,6213524.64,commercial,16927000
A-214562,Aavej 216,531782.67,6255437.49,industrial,24863000
A-201431,Skovvej 229,721911.21,6168489.01,public,26110000
A-212984,Engvej 132,714611.28,6168719.12,agricultural,34856000
A-207221,Aavej 222,593080.55,6154505.00,commercial,16693000
A-203303,Moellevej 56,537634.81,6268280.55,residential,8533000
A-210971,Stationsvej 69,557205.65,6263238.03,residential,9322000
A-202628,Havnegade 134,706922.28,6163400.86,commercial,10429000
A-214697,Soendergade 171,699547.86,6182327.99,commercial,14353000
A-206873,Havnegade 11,701008.95,6183205.88,agricultural,41756000
A-214799,Birkevej 34,663262.41,6119391.32,public,25592000
A-211541,Egevej 75,557970.11,6267793.64,residential,7971000
A-213845,Lindevej 3,570200.49,6272077.99,residential,23546000
A-211427,Soendergade 88,558147.81,6371923.43,commercial,33705000
A-208790,Toftevej 152,680339.49,6117143.14,residential,23215000
A-201239,Strandvej 130,579458.24,6216543.65,residential,40092000
A-200327,Bakkevej 227,709441.31,6170560.04,agricultural,10948000
A-213317,Egevej 189,557251.28,6248235.29,commercial,29465000
A-202955,Kirkevej 69,558357.50,6237327.22,agricultural,9802000
A-207602,Skovvej 107,528446.60,6135890.34,residential,4645000
A-202082,Noerregade 40,532218.06,6220276.44,residential,32872000
A-214364,Aavej 21,668616.40,6178113.84,residential,33844000
A-212711,Kirkevej 164,598939.13,6102041.58,commercial,14476000
A-206285,Egevej 156,709087.10,6164419.51,residential,14870000
A-202748,Engvej 54,656827.29,6198641.30,residential,23045000
A-200222,Bakkevej 21,664393.85,6143200.96,residential,33979000
A-211493,Skovvej 122,556148.63,6271119.98,agricultural,30224000
A-206399,Birkevej 68,528473.40,6287427.59,residential,5806000
A-207200,Egevej 235,717441.37,6174421.84,agricultural,13420000
A-204068,Vestergade 138,702574.74,6189449.77,agricultural,34540000
A-214730,Strandvej 48,496951.67,6155260.57,agricultural,11273000
A-207626,Aavej 21,611293.65,6132875.99,agricultural,4689000
A-211946,Moellevej 183,717384.46,6176660.17,residential,10865000
A-201170,Bakkevej 8,725099.07,6168862.50,public,7338000
A-210416,Toftevej 14,705866.95,6177854.20,public,33006000
A-202676,Engvej 131,711448.15,6203730.26,residential,5546000
A-213947,Kirkevej 225,481782.28,6262299.04,residential,15589000
A-202142,Engvej 74,604451.73,6167574.75,residential,26114000
A-211961,Havnegade 49,542793.12,6254773.67,residential,20510000
A-205232,Skovvej 21,705668.92,6198302.52,residential,38305000
A-205865,Egevej 156,545072.81,6238794.75,public,14962000
A-206513,Skovvej 223,653190.53,6159770.58,agricultural,6921000
A-214808,Lindevej 147,539856.50,6212501.50,residential,35124000
A-205796,Soendergade 4,558786.90,6196990.46,residential,12752000
A-208703,Soendergade 200,705761.35,6154231.66,residential,12355000
A-213680,Kirkevej 56,554296.47,6157353.19,residential,3583000
A-203636,Birkevej 218,569258.51,6371989.37,residential,35844000
A-210266,Kirkevej 193,723893.02,6167764.96,agricultural,11575000
A-207557,Toftevej 209,514801.14,6244625.16,public,8167000
A-212321,Egevej 106,514687.60,6129364.06,commercial,32624000
A-200576,Skovvej 176,539236.95,6200999.07,residential,29405000
A-214961,Skovvej 71,589413.46,6351854.89,residential,24341000
A-201998,Noerregade 184,653965.54,6119753.34,residential,12234000
A-203399,Skovvej 17,527210.79,6348699.18,public,41623000
A-204227,Soendergade 92,582697.95,6272074.11,public,26660000
A-202112,Strandvej 22,602893.62,6128932.91,industrial,35122000
A-208823,Noerregade 157,543513.08,6219947.59,residential,3845000
A-209363,Kirkevej 60,518921.52,6236814.34,public,17264000
A-202889,Egevej 5,558179.16,6200069.11,industrial,40660000
A-213536,Noerregade 30,688248.67,6135106.66,residential,29701000
A-207776,Bakkevej 112,571061.83,6239280.65,residential,37407000
A-212783,Stationsvej 29,574237.89,6221238.61,commercial,11492000
A-204977,Skovvej 72,503982.79,6296981.65,agricultural,17262000
A-207110,Toftevej 233,578653.75,6250940.69,residential,25137000
A-206156,Lindevej 153,647725.02,6159813.27,commercial,33193000
A-209477,Noerregade 195,489629.42,6113427.08,commercial,15519000
A-206099,Soendergade 170,491090.01,6124930.53,industrial,11262000
A-206717,Egevej 203,542786.43,6250221.33,agricultural,29653000
A-214901,Strandvej 31,562326.05,6226633.29,commercial,3586000
A-207908,Vestergade 124,728582.21,6181916.00,residential,39252000
A-212219,Soendergade 54,540704.57,6331458.06,residential,23015000
A-212150,Vestergade 231,563641.62,6238672.05,commercial,12653000
A-212957,Moellevej 72,550439.44,6272327.28,commercial,32140000
A-211229,Birkevej 170,725609.51,6180508.06,agricultural,39485000
A-203576,Bakkevej 197,719579.34,6213854.39,residential,31512000
A-201284,Havnegade 100,484548.49,6212509.05,residential,28866000
A-203354,Soendergade 70,716057.99,6167021.76,residential,30053000
A-205808,Skovvej 226,491338.88,6139357.70,residential,31853000
A-210221,Bakkevej 121,476048.71,6276564.35,agricultural,39415000
A-201602,Bakkevej 50,707633.72,6188631.57,industrial,19764000
A-205439,Aavej 84,704127.61,6171516.93,residential,12239000
A-211733,Kirkevej 29,545387.32,6103997.33,residential,20866000
A-205877,Lindevej 207,661413.80,6196594.13,residential,24306000
A-206075,Toftevej 172,546771.02,6197137.31,industrial,23730000
A-213566,Toftevej 180,555895.50,6266652.16,residential,26047000
A-206003,Havnegade 60,570006.98,6227524.91,industrial,17071000
A-205739,Lindevej 89,705281.44,6168955.20,residential,39544000
A-208481,Aavej 220,524438.94,6275352.63,agricultural,28636000
A-211151,Skovvej 180,703701.76,6162395.82,public,30307000
A-206429,Bakkevej 11,643911.94,6152290.56,residential,8746000
A-214634,Vestergade 132,516589.03,6189730.69,public,14280000
A-205280,Kirkevej 19,530862.82,6185126.95,residential,7056000
A-205130,Skovvej 38,727883.88,6184400.93,agricultural,715000
A-204677,Lindevej 183,717301.56,6199558.61,residential,5340000
A-214967,Kirkevej 182,616826.24,6117320.48,residential,12121000
A-211076,Kirkevej 232,711469.31,6191658.47,industrial,20111000
A-212486,Bakkevej 207,524228.12,6359379.53,commercial,15026000
A-202100,Vestergade 79,698937.86,6164200.92,industrial,22944000
A-203414,Bakkevej 223,714652.61,6191565.61,residential,4088000
A-207152,Aavej 180,519471.72,6289527.35,industrial,34639000
A-210083,Lindevej 178,581460.64,6249158.36,commercial,9625000
A-209552,Egevej 34,534010.47,6285943.15,residential,10014000
A-207932,Kirkevej 127,539917.86,6214057.11,residential,33078000
A-204188,Strandvej 205,571418.23,6243308.61,public,33952000
A-214991,Egevej 155,510712.16,6248629.93,residential,40698000
A-207704,Moellevej 202,536535.69,6285651.58,residential,14683000
A-205688,Vestergade 155,728225.92,6168252.10,commercial,23810000
A-210353,Egevej 218,711653.92,6179480.95,residential,3423000
A-213344,Kirkevej 224,575126.46,6258150.14,industrial,9588000
A-214121,Engvej 121,499351.40,6253152.28,agricultural,12808000
A-208232,Vestergade 14,680833.14,6193345.09,industrial,11949000
A-202973,Toftevej 130,528342.79,6189280.34,residential,19552000
A-208487,Birkevej 240,554184.64,6152469.97,agricultural,24922000
A-204311,Soendergade 205,634683.48,6157470.70,commercial,21106000
A-207029,Skovvej 108,711229.65,6182770.20,public,9054000
A-209768,Vestergade 97,704261.33,6194814.79,residential,20725000
A-208700,Havnegade 10,476227.13,6233581.88,industrial,25879000
A-210635,Stationsvej 79,693999.83,6128991.87,residential,37074000
A-204509,Skovvej 43,506090.37,6238616.57,public,30850000
A-213725,Toftevej 2,636692.70,6183561.04,public,28649000
A-202817,Stationsvej 137,560133.84,6138428.76,residential,20461000
A-210053,Bakkevej 167,656047.18,6188975.50,agricultural,21678000
A-211517,Skovvej 190,492798.67,6125860.46,residential,484000
A-214469,Skovvej 101,567052.86,6200661.06,residential,39745000
A-203909,Egevej 187,712521.29,6201060.41,residential,8766000
A-207086,Aavej 131,570201.72,6352003.06,residential,13752000
A-205196,Bakkevej 146,677035.59,6192711.20,commercial,25253000
A-214076,Stationsvej 91,637626.37,6201119.69,residential,30392000
A-202088,Havnegade 133,513048.18,6339621.13,agricultural,32306000
A-202391,Kirkevej 39,477929.88,6220721.36,public,11537000
A-209702,Vestergade 195,713173.49,6185652.03,residential,41866000
A-209072,Kirkevej 114,497181.38,6099140.94,residential,27465000
A-210038,Birkevej 237,617050.14,6114000.29,agricultural,9470000
A-211550,Noerregade 154,584839.49,6233614.53,commercial,16808000
A-204704,Soendergade 127,571569.61,6198034.00,residential,12072000
A-202037,Soendergade 138,718107.90,6195674.34,public,35633000
A-204242,Soendergade 140,550733.61,6160302.63,commercial,24523000
A-201269,Moellevej 84,543538.84,6253809.91,industrial,14348000
A-209741,Stationsvej 163,526564.73,6259091.99,residential,13105000
A-200861,Skovvej 167,653137.38,6127110.30,commercial,18039000
A-210893,Skovvej 192,587724.13,6378324.20,industrial,35989000
A-204767,Noerregade 213,575693.17,6202552.52,agricultural,12027000
A-207044,Stationsvej 122,699226.14,6193904.09,residential,26374000
A-210422,Egevej 207,582282.65,6246389.05,commercial,907000
A-212354,Birkevej 213,574742.40,6337988.04,residential,21524000
A-204338,Stationsvej 33,669977.96,6193425.97,agricultural,18922000
A-204614,Stationsvej 107,636715.82,6197212.50,industrial,15034000
A-200132,Bakkevej 115,666885.02,6130734.00,commercial,22264000
A-211460,Aavej 76,665722.23,6135146.17,agricultural,10874000
A-205400,Soendergade 107,635710.35,6113851.09,public,40445000
A-212375,Toftevej 153,703102.25,6190230.57,public,16185000
A-209567,Moellevej 89,701067.53,6179372.31,public,14998000
A-205154,Kirkevej 8,718918.14,6178804.32,residential,16632000
A-206693,Noerregade 89,583155.03,6233786.35,industrial,24347000
A-203108,Soendergade 194,675165.55,6187353.43,residential,16016000
A-200279,Stationsvej 165,684401.48,6193941.05,residential,31245000
A-203240,Lindevej 112,547301.09,6252661.29,industrial,19045000
A-200054,Vestergade 115,707134.93,6163052.00,agricultural,11772000
A-214946,Toftevej 82,689989.79,6126349.59,residential,24623000
A-213704,Stationsvej 147,578834.91,6258091.84,public,5660000
A-212096,Noerregade 95,579173.27,6358000.90,residential,970000
A-202505,Skovvej 101,728241.19,6185553.93,residential,21221000
A-206510,Vestergade 122,602000.39,6102714.28,agricultural,22740000
A-201233,Vestergade 171,565397.37,6370443.43,residential,35365000
A-201323,Moellevej 85,509740.14,6296993.74,commercial,39075000
A-205268,Toftevej 94,515419.57,6155111.97,commercial,26052000
A-208730,Engvej 129,700122.53,6213631.88,residential,31909000
A-201977,Birkevej 206,672083.65,6141647.91,commercial,19655000
A-211595,Strandvej 230,713235.80,6207701.63,public,20374000
A-214919,Bakkevej 230,521049.53,6116299.69,residential,5912000
A-204740,Skovvej 96,579169.81,6132296.87,residential,24123000
A-211565,Birkevej 68,671581.98,6148188.69,commercial,7819000
A-214415,Toftevej 146,720074.51,6209301.98,residential,21029000
A-213524,Havnegade 209,704478.47,6163207.43,industrial,7667000
A-210827,Moellevej 153,540980.79,6195060.94,residential,589000
A-200963,Aavej 89,701863.73,6165289.99,agricultural,6187000
A-208502,Toftevej 66,529593.26,6181578.47,agricultural,37550000
A-203642,Bakkevej 228,709854.82,6189443.90,residential,4042000
A-208781,Noerregade 91,564292.29,6260574.63,residential,15452000
A-213086,Birkevej 102,716454.11,6196073.02,residential,1936000
A-208481,Stationsvej 195,541874.39,6205104.59,public,680000
A-200285,Havnegade 15,711751.31,6204292.65,public,19709000
A-202997,Strandvej 240,537949.22,6277893.97,public,11466000
A-203570,Havnegade 217,519628.40,6305353.38,commercial,27405000
A-203294,Vestergade 178,554443.09,6256762.47,residential,39488000
A-213602,Bakkevej 39,552841.80,6197854.85,industrial,9863000
A-208520,Stationsvej 26,724344.44,6201067.90,residential,13387000
A-206363,Lindevej 204,682028.10,6117639.28,agricultural,20400000
A-202076,Kirkevej 211,707610.06,6183328.24,residential,11455000
A-206090,Vestergade 159,662092.72,6171434.19,public,23094000
A-204749,Havnegade 58,497776.18,6218701.21,industrial,7913000
A-209675,Engvej 175,543282.92,6194605.13,public,11342000
A-214505,Kirkevej 8,541281.48,6206900.63,industrial,11960000
A-209900,Strandvej 204,706493.52,6200040.42,residential,22599000
A-210362,Toftevej 162,538094.62,6209655.43,residential,16421000
A-212213,Aavej 81,502560.30,6240963.84,agricultural,39211000
A-206612,Birkevej 139,650611.21,6150768.29,commercial,18307000
A-203963,Engvej 238,552482.22,6267010.37,residential,19390000
A-204533,Kirkevej 148,569850.49,6252637.79,residential,21349000
A-204248,Toftevej 62,709724.60,6178013.87,residential,31728000
A-201638,Birkevej 38,595625.29,6144569.40,public,3949000
A-213998,Engvej 43,511692.76,6274890.40,residential,8632000
A-211232,Birkevej 161,586978.53,6208245.59,residential,2477000
A-206216,Kirkevej 239,669583.86,6170295.61,public,5866000
A-209993,Lindevej 58,478302.77,6275899.52,residential,22249000
A-206093,Egevej 68,512854.58,6082313.99,residential,9008000
A-212318,Birkevej 200,559435.39,6205439.93,commercial,16768000
A-202703,Havnegade 190,553023.51,6255352.09,industrial,8058000
A-208004,Stationsvej 7,718468.22,6211690.22,residential,5715000
A-213551,Soendergade 207,704915.13,6215284.49,residential,16510000
A-201437,Soendergade 172,706658.84,6161192.01,public,23521000
A-202130,Havnegade 62,545255.16,6381043.47,industrial,31468000
A-202871,Havnegade 46,594744.59,6316571.11,public,26752000
A-203171,Bakkevej 213,488186.90,6091801.25,residential,21274000
A-213866,Kirkevej 56,563087.24,6236403.88,industrial,14311000
A-208238,Birkevej 55,708463.36,6193129.58,industrial,13764000
A-208847,Aavej 143,582524.57,6158493.28,residential,23410000
A-204335,Stationsvej 207,574203.48,6226178.04,public,17663000
A-208307,Soendergade 37,573399.43,6212023.98,commercial,4304000
A-210665,Noerregade 142,722299.20,6199307.02,residential,23764000
A-214748,Toftevej 191,709030.69,6196911.32,commercial,31106000
A-206177,Moellevej 145,518000.62,6253221.90,residential,6276000
A-214781,Havnegade 137,717563.07,6193181.13,residential,1117000
A-206684,Havnegade 226,717169.97,6188526.34,residential,24620000
A-213872,Aavej 158,699047.88,6214820.19,public,31849000
A-206450,Egevej 67,722160.71,6189581.63,industrial,21948000
A-206822,Bakkevej 189,649990.71,6128148.81,industrial,26050000
A-204902,Bakkevej 68,538014.90,6191734.78,public,11612000
A-205253,Toftevej 113,722059.74,6193048.96,residential,23383000
A-208721,Havnegade 198,713320.24,6177917.05,residential,8474000
A-212912,Soendergade 177,523050.22,6197297.83,residential,17204000
A-202520,Moellevej 138,656653.72,6123942.62,commercial,16104000
A-210926,Kirkevej 64,509684.27,6291755.10,residential,25171000
A-210425,Havnegade 219,509052.94,6100872.60,residential,1278000
A-202499,Engvej 21,720953.94,6174048.44,agricultural,41723000
A-207503,Aavej 163,601542.71,6125635.60,industrial,12049000
A-206060,Bakkevej 213,714201.61,6198174.01,residential,5184000
A-200375,Skovvej 146,587612.73,6332312.89,residential,28451000
A-205370,Havnegade 150,721391.25,6175170.14,public,21164000
A-202580,Strandvej 164,594983.71,6144887.00,public,23970000
A-200177,Havnegade 78,725001.71,6172484.02,commercial,37446000
A-202481,Aavej 108,525637.49,6328651.71,residential,9757000
A-205508,Skovvej 38,508166.40,6290386.11,residential,6158000
A-210614,Lindevej 48,585474.27,6317593.85,residential,2231000
A-201680,Noerregade 178,537077.18,6269552.23,commercial,27653000
A-211091,Moellevej 84,488690.87,6177903.58,agricultural,10701000
A-204482,Aavej 89,482728.29,6290805.66,industrial,10152000
A-202649,Noerregade 173,483963.94,6297056.88,residential,15822000
A-203891,Bakkevej 175,704535.61,6211681.65,industrial,40699000
A-202763,Vestergade 99,529177.51,6298046.94,public,19254000
A-212948,Aavej 130,509412.12,6111860.09,residential,24467000
A-213224,Havnegade 42,718438.63,6161940.50,residential,32615000
A-211505,Aavej 83,482792.24,6150990.66,public,19110000
A-213332,Soendergade 12,711844.85,6181026.50,public,20932000
A-201848,Lindevej 207,637144.16,6132340.07,commercial,10232000
A-209207,Strandvej 121,701550.01,6179487.90,agricultural,8869000
A-210467,Moellevej 156,576231.25,6308238.36,residential,1468000
A-206393,Birkevej 88,727055.99,6173048.38,industrial,7283000
A-208793,Toftevej 133,727099.06,6207023.65,residential,25414000
A-207458,Strandvej 131,712118.87,6211164.86,residential,37426000
A-212303,Noerregade 143,724176.26,6164049.92,residential,22136000
A-209240,Lindevej 66,648553.35,6160318.91,residential,8071000
A-209225,Havnegade 34,704621.78,6176794.86,residential,32634000
A-207767,Toftevej 131,725318.97,6196966.42,commercial,28390000
A-208268,Egevej 81,722931.17,6180110.34,agricultural,32874000
A-208436,Aavej 185,703203.83,6205471.90,residential,36623000
A-200228,Moellevej 82,726792.95,6196161.97,commercial,38544000
A-203255,Skovvej 192,516688.85,6312619.91,residential,41969000
A-200849,Bakkevej 191,559083.48,6313344.52,public,15072000
A-213968,Toftevej 105,708377.33,6172891.65,commercial,18922000
A-208631,Havnegade 78,493202.99,6165970.64,residential,9735000
A-209210,Birkevej 101,567279.73,6329961.65,residential,39982000
A-212633,Strandvej 156,540494.74,6222985.91,residential,34300000
A-201167,Soendergade 97,694493.50,6185598.39,industrial,24355000
A-214715,Strandvej 57,635992.32,6134342.52,commercial,21028000
A-211187,Engvej 100,702566.55,6173491.11,residential,18444000
A-214115,Egevej 92,727145.56,6199153.20,industrial,15732000
A-211622,Skovvej 181,723253.81,6174924.75,public,35982000
A-201737,Noerregade 82,480377.47,6261314.10,residential,14764000
A-202496,Kirkevej 13,579052.77,6111774.95,industrial,30450000
A-203048,Lindevej 238,703215.14,6197558.49,residential,21988000
A-210386,Toftevej 231,520099.14,6091510.17,agricultural,24896000
A-205079,Kirkevej 229,477457.10,6287250.33,residential,29989000
A-204689,Stationsvej 228,710907.92,6175402.94,residential,19668000
A-209708,Havnegade 158,719515.90,6177540.75,residential,30282000
A-204971,Kirkevej 225,565915.90,6224733.90,residential,5392000
A-204293,Kirkevej 187,561538.76,6226290.67,residential,38748000
A-214136,Strandvej 97,537837.58,6262141.57,industrial,38783000
A-208583,Bakkevej 10,614317.60,6145436.05,agricultural,15326000
A-203810,Egevej 113,583299.50,6235913.51,agricultural,28339000
A-206546,Engvej 9,581522.20,6096117.16,agricultural,21174000
A-206573,Vestergade 97,726711.90,6200599.04,commercial,33388000
A-201815,Skovvej 156,578851.46,6131112.39,commercial,34141000
A-210503,Strandvej 7,705967.07,6176091.35,public,33223000
A-205058,Toftevej 104,705117.65,6209397.40,residential,26115000
A-203729,Lindevej 84,555539.49,6194685.39,residential,13518000
A-214307,Lindevej 162,674955.04,6152864.60,residential,37067000
A-214214,Aavej 63,707040.62,6197397.24,residential,30229000
A-210311,Bakkevej 55,717535.05,6211549.07,commercial,15037000
A-200051,Moellevej 64,641734.18,6202688.82,residential,28451000
A-202874,Lindevej 58,580291.90,6347110.00,commercial,31728000
A-205514,Aavej 82,544357.14,6330624.06,agricultural,27695000
A-204218,Stationsvej 193,677186.88,6153437.85,industrial,19821000
A-201080,Egevej 62,570491.54,6119857.62,public,18268000
A-210641,Soendergade 99,724744.30,6193670.94,residential,8699000
A-207215,Birkevej 20,639017.81,6131058.09,public,10018000
A-204494,Skovvej 87,662098.80,6175892.32,residential,29870000
A-204503,Vestergade 193,539698.95,6215174.30,commercial,10418000
A-214745,Engvej 185,558577.12,6332208.91,public,4046000
A-214283,Noerregade 186,666215.55,6199979.73,public,34384000
A-212459,Havnegade 72,710630.60,6211879.72,agricultural,2559000
A-207854,Havnegade 198,523894.51,6352342.99,residential,37811000
A-211802,Bakkevej 160,580698.37,6210652.61,public,35315000
A-208088,Birkevej 179,716099.23,6165513.25,agricultural,6863000
A-206882,Moellevej 2,549100.05,6127404.96,industrial,21988000
A-204380,Birkevej 6,479932.74,6264134.61,residential,10925000
A-200201,Aavej 48,539915.59,6210837.83,residential,34918000
A-203573,Soendergade 218,514881.52,6266219.14,industrial,14922000
A-212174,Stationsvej 24,583781.90,6198262.08,public,30298000
A-201962,Lindevej 105,545611.65,6319091.77,residential,15764000
A-212969,Aavej 56,600819.41,6096327.16,industrial,35014000
A-200432,Egevej 9,610485.64,6110687.04,residential,38460000
A-212462,Egevej 27,702509.64,6210686.36,commercial,23781000
A-200993,Havnegade 123,541862.49,6340475.38,public,14804000
A-208835,Toftevej 155,715457.26,6209829.33,residential,40866000
A-203813,Engvej 240,702301.35,6193073.15,public,16204000
A-208103,Stationsvej 154,664419.89,6186370.81,industrial,6875000
A-213863,Kirkevej 117,673425.61,6170897.03,industrial,2826000
A-207740,Aavej 215,644926.48,6167268.38,residential,23712000
A-207302,Toftevej 91,544002.05,6190348.25,residential,28522000
A-211799,Strandvej 14,573441.99,6271239.32,commercial,35468000
A-204935,Strandvej 212,580697.40,6343055.58,residential,20431000
A-213638,Birkevej 236,655297.36,6123122.43,public,22957000
A-207035,Engvej 108,472889.79,6131497.42,industrial,2656000
A-203444,Soendergade 101,534878.44,6200231.04,residential,1165000
A-212132,Egevej 170,565499.64,6245010.58,commercial,12246000
A-202307,Bakkevej 19,699190.60,6173520.57,agricultural,3958000
A-207794,Lindevej 191,703018.51,6169058.47,agricultural,34210000
A-213848,Stationsvej 114,556918.61,6110948.50,public,1970000
A-204950,Engvej 43,719336.04,6192137.40,industrial,27180000
A-200585,Noerregade 140,700123.73,6173362.51,commercial,18408000
A-208133,Havnegade 152,521352.85,6178558.32,public,34622000
A-202991,Vestergade 210,695228.02,6204610.20,residential,28334000
A-214943,Engvej 125,658581.08,6141296.38,residential,3444000
A-212489,Noerregade 68,722532.62,6194165.02,commercial,38402000
A-212990,Vestergade 103,548875.09,6254839.45,agricultural,13191000
A-213953,Birkevej 78,572393.04,6097026.22,public,1612000
A-209219,Birkevej 162,610705.36,6109242.55,public,30705000
A-202958,Toftevej 92,664699.19,6165266.10,agricultural,5382000
A-203222,Vestergade 158,559977.86,6155799.34,residential,19709000
A-212933,Soendergade 46,659421.82,6158404.97,agricultural,3966000
A-207398,Stationsvej 18,635622.52,6186666.09,residential,38785000
A-208514,Noerregade 165,581204.55,6221605.12,residential,39577000
A-212516,Strandvej 185,537804.59,6266515.53,industrial,31338000
A-207809,Aavej 141,582442.20,6269751.04,residential,40674000
A-210746,Toftevej 85,687444.09,6137249.56,agricultural,1517000
A-213917,Strandvej 36,706740.45,6160886.54,commercial,15638000
A-205457,Egevej 181,549833.45,6238831.26,industrial,22892000
A-211637,Strandvej 44,581511.72,6232622.47,residential,9219000
A-200891,Toftevej 5,582723.79,6220666.27,public,18721000
A-206897,Stationsvej 213,493385.14,6250186.96,commercial,18969000
A-211304,Engvej 15,716956.45,6187361.78,residential,7379000
A-210824,Skovvej 174,578912.51,6138880.81,industrial,5900000
A-206768,Toftevej 227,714864.87,6175641.90,commercial,30941000
A-213785,Skovvej 211,709006.83,6166213.80,commercial,21718000
A-211247,Egevej 154,694924.09,6117621.41,public,26760000
A-202424,Egevej 107,635757.30,6200999.45,commercial,4801000
A-205949,Lindevej 47,712540.87,6212479.18,industrial,3879000
A-204329,Engvej 31,582543.54,6128727.81,public,5073000
A-210941,Moellevej 208,569829.39,6253457.20,commercial,15514000
A-209051,Lindevej 223,708330.47,6187696.99,residential,34842000
A-210818,Lindevej 3,712270.09,6203430.41,public,22799000
A-204167,Lindevej 21,692896.73,6192293.92,public,3444000
A-210047,Lindevej 31,699695.69,6193612.85,commercial,8669000
A-208034,Moellevej 42,527823.10,6238442.49,residential,22213000
A-208439,Engvej 200,660165.85,6117988.62,residential,39075000
A-204710,Bakkevej 112,578843.49,6131742.61,agricultural,14674000
A-212987,Egevej 230,581782.70,6146341.56,industrial,12903000
A-202799,Aavej 140,487746.22,6235766.70,commercial,34287000
A-212909,Kirkevej 198,557582.41,6263557.43,industrial,29177000
A-208013,Strandvej 159,728801.65,6178077.96,residential,7688000
A-203141,Egevej 208,715174.80,6196815.95,industrial,38455000
A-209705,Egevej 27,537119.82,6110361.24,residential,11981000
A-200867,Vestergade 221,720960.40,6202023.68,residential,17201000
A-204194,Noerregade 51,578501.65,6324349.02,residential,8137000
A-210929,Moellevej 39,540375.76,6254416.34,industrial,22913000
A-213272,Soendergade 165,520038.30,6258547.32,public,41268000
A-207575,Soendergade 216,522001.15,6175542.90,commercial,18647000
A-208166,Toftevej 210,726335.38,6162313.92,commercial,38031000
A-200864,Noerregade 54,523388.60,6382087.70,residential,33906000
A-213017,Lindevej 118,716876.99,6200294.41,residential,10955000
A-206150,Kirkevej 47,726130.89,6171212.74,agricultural,35371000
A-208529,Strandvej 14,723499.21,6214749.49,industrial,9042000
A-210182,Stationsvej 76,699677.93,6157208.77,agricultural,20911000
A-212831,Toftevej 18,723114.53,6205581.93,commercial,10278000
A-213050,Strandvej 195,672007.61,6118889.81,public,32367000
A-201206,Birkevej 182,725931.41,6204484.42,commercial,540000
A-212381,Skovvej 39,541983.93,6191682.88,industrial,12355000
A-204479,Vestergade 66,694988.01,6175896.22,residential,41529000
A-210626,Moellevej 223,727807.15,6201278.02,residential,26686000
A-200192,Aavej 78,713366.61,6197895.93,residential,34875000
A-205703,Toftevej 33,551326.43,6099672.88,residential,5530000
A-211763,Aavej 75,711821.98,6173376.52,public,7098000
A-208124,Toftevej 168,691080.99,6121341.63,agricultural,26265000
A-213260,Toftevej 75,690501.91,6199128.51,residential,38045000
A-202655,Skovvej 114,707964.36,6199682.13,residential,37550000
A-203375,Moellevej 219,541940.06,6234438.60,commercial,21209000
A-214949,Soendergade 42,662545.65,6131467.30,public,28140000
A-208736,Aavej 24,724013.78,6161867.41,residential,29416000
A-211928,Kirkevej 46,715138.12,6161913.73,industrial,10990000
A-207641,Noerregade 218,551979.58,6196441.93,residential,15964000
A-204839,Kirkevej 167,585103.51,6137395.13,residential,35177000
A-201767,Bakkevej 220,724968.35,6211762.09,industrial,6267000
A-202787,Toftevej 141,705429.89,6166978.02,residential,10803000
A-204116,Noerregade 202,538858.36,6199671.92,residential,25045000
A-200966,Toftevej 214,579191.70,6382012.66,residential,11378000
A-208901,Lindevej 231,703960.83,6130533.25,residential,40026000
A-208916,Bakkevej 70,709698.83,6167330.89,residential,27700000
A-200753,Kirkevej 8,581734.46,6149845.06,residential,15544000
A-204200,Stationsvej 127,702583.65,6171821.15,residential,10601000
A-200378,Skovvej 207,717960.28,6190405.25,residential,17416000
A-201917,Havnegade 165,587533.92,6342815.40,public,24205000
A-209960,Birkevej 157,703287.89,6206729.27,residential,10551000
A-209171,Egevej 68,696503.20,6211929.94,public,2553000
A-204443,Lindevej 181,697476.95,6196986.08,residential,13780000
A-205307,Strandvej 110,537703.34,6199721.97,commercial,18931000
A-208517,Aavej 9,542807.34,6267872.12,residential,31785000
A-204467,Egevej 45,549315.21,6210553.03,residential,38243000
A-203423,Moellevej 11,560189.86,6235746.01,residential,15792000
A-200096,Lindevej 105,676303.19,6119851.00,public,21792000
A-211793,Strandvej 3,563422.28,6205716.60,agricultural,37276000
A-212201,Kirkevej 4,559487.47,6209145.61,commercial,9377000
A-208673,Stationsvej 212,493275.64,6174215.30,public,39920000
A-211142,Kirkevej 223,671261.47,6161084.72,residential,21124000
A-211847,Stationsvej 103,488884.40,6084656.64,residential,25469000
A-214193,Lindevej 225,712248.61,6187752.47,public,32529000
A-200633,Havnegade 191,724008.45,6216002.00,public,38763000
A-203429,Moellevej 64,727571.30,6182723.98,residential,26059000
A-201479,Skovvej 218,498668.64,6244552.54,public,41951000
A-210335,Noerregade 154,697597.05,6185658.07,residential,35887000
A-207716,Moellevej 142,641215.15,6168722.26,residential,29716000
A-201956,Havnegade 73,570551.54,6249002.52,public,21389000
A-205517,Birkevej 119,685711.58,6168867.92,agricultural,10466000
A-204113,Strandvej 72,517972.06,6219837.90,commercial,41809000
A-204548,Stationsvej 222,666338.63,6202534.97,residential,34460000
A-207359,Kirkevej 200,720691.40,6185270.83,public,35833000
A-208457,Lindevej 75,542859.73,6149459.36,commercial,35468000
A-204608,Engvej 45,552488.20,6219890.58,industrial,30174000
A-203588,Havnegade 186,521619.24,6241043.71,commercial,25234000
A-202472,Moellevej 179,704145.12,6215458.52,residential,14612000
A-212585,Engvej 72,654874.42,6187315.49,agricultural,7853000
A-206669,Birkevej 168,555632.33,6330067.30,residential,15074000
A-202451,Havnegade 119,598498.29,6116355.49,agricultural,26176000
A-213440,Noerregade 54,659165.23,6128805.36,residential,4638000
A-213728,Birkevej 63,482985.45,6229672.06,residential,38047000
A-205091,Aavej 111,706921.72,6178466.45,industrial,10630000
A-207827,Strandvej 22,584604.93,6270270.82,agricultural,41431000
A-201665,Aavej 125,707521.72,6209934.85,residential,9085000
A-202964,Moellevej 84,631867.76,6187493.86,residential,25540000
A-209399,Aavej 131,553870.96,6150213.14,residential,9751000
A-214727,Vestergade 103,578454.92,6096379.28,agricultural,10939000
A-204224,Stationsvej 69,572298.61,6114363.58,industrial,11209000
A-209762,Aavej 29,489191.88,6304288.07,residential,40173000
A-206594,Havnegade 126,666189.18,6118541.88,public,34134000
A-202073,Moellevej 140,557477.53,6258655.33,commercial,10282000
A-205424,Moellevej 201,667550.94,6141831.52,commercial,32180000
A-207149,Birkevej 167,561221.85,6216453.78,public,22305000
A-211403,Vestergade 93,709581.32,6116644.56,commercial,4852000
A-211574,Kirkevej 127,520189.65,6349664.93,residential,38754000
A-211238,Toftevej 29,540058.10,6192387.87,residential,20294000
A-209867,Aavej 167,713286.12,6192349.86,agricultural,21974000
A-201413,Noerregade 48,539621.21,6245956.21,commercial,9872000
A-207122,Engvej 143,719292.32,6198444.02,residential,22617000
A-207581,Strandvej 23,616299.11,6137982.28,residential,20172000
A-203663,Kirkevej 155,727821.64,6176735.19,public,8192000
A-213752,Noerregade 173,727086.64,6174099.15,residential,27174000
A-200354,Birkevej 118,709886.98,6168501.09,residential,19932000
A-209513,Stationsvej 86,500106.81,6295107.90,commercial,16061000
A-213659,Kirkevej 136,564962.50,6211488.33,residential,33663000
A-211646,Stationsvej 137,702179.36,6174693.36,residential,3770000
A-211103,Havnegade 156,680672.06,6136462.85,industrial,28319000
A-206438,Havnegade 218,526995.50,6303666.17,agricultural,3904000
A-214106,Bakkevej 122,714748.47,6182539.94,agricultural,30605000
A-206951,Moellevej 109,562911.84,6242597.66,industrial,24119000
A-204176,Lindevej 74,536804.49,6213482.96,agricultural,17777000
A-201062,Kirkevej 35,539248.66,6244510.47,industrial,32981000
A-200960,Aavej 64,539359.14,6337057.27,commercial,32748000
A-206570,Skovvej 103,518066.67,6339224.02,public,35960000
A-207578,Egevej 216,571097.91,6225492.79,residential,15787000
A-207917,Aavej 205,696719.51,6189956.74,industrial,27171000
A-201374,Soendergade 144,562657.52,6239567.87,industrial,11662000
A-201236,Moellevej 67,727567.07,6195259.65,commercial,26631000
A-211121,Kirkevej 191,704621.65,6192165.85,residential,39997000
A-201353,Moellevej 124,542752.65,6284716.82,agricultural,17823000
A-208424,Birkevej 49,563916.09,6308235.93,residential,8622000
A-211181,Havnegade 187,704001.08,6208897.17,commercial,34317000
A-202952,Moellevej 189,657359.35,6142923.45,industrial,4587000
A-201173,Lindevej 125,505509.98,6250007.17,public,6745000
A-211484,Soendergade 20,576062.85,6151331.65,residential,20788000
A-209141,Havnegade 94,712751.97,6212821.70,commercial,12272000
A-211730,Havnegade 193,557656.10,6162200.17,residential,16617000
A-207095,Egevej 171,571232.49,6194051.49,residential,5876000
A-209213,Engvej 114,553923.04,6118940.91,public,25831000
A-208817,Lindevej 124,694232.57,6141600.30,residential,21177000
A-203666,Vestergade 61,517355.49,6248715.66,residential,6019000
A-201782,Birkevej 32,584476.95,6356596.05,residential,7016000
A-212414,Noerregade 76,678029.75,6193858.52,agricultural,34921000
A-206561,Havnegade 3,719900.35,6177077.38,residential,38872000
A-202559,Aavej 137,715489.73,6196846.58,residential,9969000
A-204185,Stationsvej 20,607379.34,6137647.45,residential,3811000
A-203831,Egevej 224,500213.99,6269314.35,residential,13022000
A-207857,Soendergade 9,723418.08,6164402.36,residential,34785000
A-200450,Soendergade 5,567582.85,6250241.05,commercial,31610000
A-211796,Havnegade 187,583804.88,6164450.13,residential,32218000
A-201863,Lindevej 204,638160.49,6194576.81,commercial,16375000
A-206279,Toftevej 142,718425.36,6185083.42,commercial,1849000
A-203306,Bakkevej 99,697847.82,6189821.62,residential,32985000
A-210860,Strandvej 71,589095.40,6097885.26,agricultural,20989000
A-208832,Lindevej 199,714476.31,6200906.89,residential,24553000
A-209174,Stationsvej 40,581889.66,6107280.80,public,4607000
A-200078,Aavej 109,723878.95,6207725.41,agricultural,26783000
A-210401,Egevej 51,476821.30,6185426.89,industrial,15606000
A-206633,Moellevej 129,671815.16,6168245.78,industrial,11966000
A-207956,Bakkevej 198,542265.94,6268099.21,industrial,29385000
A-212924,Egevej 107,542967.69,6261324.14,industrial,34792000
A-214205,Toftevej 191,523688.16,6372481.47,residential,24296000
A-201008,Toftevej 61,724277.13,6203501.40,commercial,17805000
A-211157,Strandvej 155,649900.40,6147547.59,residential,14320000
A-212930,Skovvej 207,708778.67,6139498.62,residential,24961000
A-212366,Skovvej 7,553436.04,6107898.72,public,37959000
A-212972,Noerregade 178,503841.25,6248501.95,residential,16779000
A-201410,Stationsvej 7,472135.34,6094624.16,commercial,14066000
A-214613,Vestergade 39,583640.87,6208773.26,agricultural,20957000
A-214298,Egevej 209,696939.50,6164185.55,residential,27535000
A-208184,Skovvej 217,726866.24,6211726.40,residential,10562000
A-210536,Havnegade 21,558498.32,6205232.90,agricultural,10141000
A-213215,Strandvej 102,708345.34,6127237.45,residential,6236000
A-210821,Egevej 24,701436.77,6210318.97,public,17807000
A-201908,Strandvej 219,539551.79,6383247.49,residential,36663000
A-214451,Strandvej 89,705486.60,6187559.81,public,4217000
A-205532,Kirkevej 200,574248.41,6252919.52,commercial,681000
A-207245,Bakkevej 131,719188.03,6166352.27,residential,11713000
A-214616,Toftevej 217,564179.07,6238611.90,agricultural,37816000
A-210458,Engvej 238,718545.97,6204445.93,agricultural,14515000
A-210890,Toftevej 174,717273.54,6210566.59,public,7722000
A-211178,Moellevej 9,684173.52,6128724.77,public,5587000
A-210764,Havnegade 23,707340.38,6196879.17,residential,26512000
A-211337,Noerregade 177,710244.61,6195352.33,residential,40693000
A-210989,Skovvej 96,551415.38,6231872.96,residential,22497000
A-201824,Birkevej 150,589622.66,6114427.84,residential,22191000
A-205763,Soendergade 107,713801.25,6190108.17,public,18700000
A-213299,Birkevej 128,600975.10,6145084.89,residential,986000
A-212735,Noerregade 79,701262.98,6180684.64,residential,596000
A-203873,Soendergade 184,642861.07,6169293.12,industrial,25565000
A-212543,Havnegade 57,552921.09,6106741.56,commercial,6576000
A-208295,Strandvej 87,579564.77,6130844.45,industrial,19907000
A-206024,Skovvej 72,680870.11,6159395.17,residential,13925000
A-211790,Noerregade 54,544086.87,6207152.84,agricultural,10308000
A-203681,Lindevej 230,552107.82,6233792.00,industrial,19837000
A-202466,Vestergade 121,716278.97,6178051.96,residential,13420000
A-202844,Skovvej 192,496560.84,6094609.24,residential,2619000
A-200486,Birkevej 30,634420.84,6150410.37,residential,7400000
A-211454,Skovvej 168,573661.58,6205039.77,industrial,8825000
A-201683,Kirkevej 157,583645.56,6330962.16,commercial,37441000
A-205346,Birkevej 224,697517.63,6212938.09,residential,4206000
A-214445,Vestergade 21,550976.50,6166319.00,public,13552000
A-210446,Lindevej 63,687633.42,6136670.06,industrial,23149000
A-203492,Strandvej 202,723587.23,6208491.65,residential,22050000
A-206624,Engvej 47,542162.34,6192454.59,agricultural,25749000
A-212000,Havnegade 163,706596.74,6179575.24,residential,27663000
A-211952,Toftevej 230,697789.12,6143537.71,residential,20930000
A-214940,Lindevej 134,718770.24,6189296.87,residential,1259000
A-214646,Birkevej 202,726520.33,6179207.67,industrial,35829000
A-205226,Soendergade 158,551235.20,6214732.81,agricultural,16900000
A-212111,Soendergade 176,710644.27,6182237.09,industrial,39345000
A-209492,Noerregade 191,500592.87,6189116.99,residential,23597000
A-209456,Soendergade 208,704549.50,6192187.31,residential,23139000
A-210599,Birkevej 209,648962.59,6192973.26,residential,8540000
A-213038,Vestergade 8,709748.30,6191509.27,industrial,14426000
A-214739,Kirkevej 209,523558.29,6262725.04,agricultural,12832000
A-200129,Noerregade 11,659486.45,6156026.52,public,9296000
A-211328,Kirkevej 148,660159.41,6117895.58,commercial,20223000
A-201272,Toftevej 165,531837.54,6299684.24,residential,32969000
A-205901,Lindevej 119,558132.05,6343447.82,residential,31934000
A-207692,Skovvej 60,616476.79,6145596.27,industrial,10321000
A-205241,Soendergade 37,697427.78,6187579.58,industrial,20348000
A-212741,Toftevej 143,685403.27,6139414.81,residential,21856000
A-212369,Birkevej 220,710548.35,6184652.14,industrial,22655000
A-203327,Bakkevej 107,715439.14,6164456.94,public,32114000
A-214523,Havnegade 161,704726.39,6193159.10,residential,32302000
A-211955,Bakkevej 156,649511.54,6178635.23,residential,13991000
A-211937,Bakkevej 69,559343.13,6323335.16,residential,31942000
A-211268,Egevej 214,565172.73,6223679.68,residential,40770000
A-201287,Kirkevej 136,722632.64,6212857.85,residential,9439000
A-213437,Egevej 52,726015.37,6170732.71,agricultural,5226000
A-207554,Moellevej 190,609369.46,6103020.45,public,22994000
A-204488,Bakkevej 233,495052.74,6212448.14,agricultural,12244000
A-211994,Moellevej 69,586145.24,6136983.36,public,21562000
A-207758,Strandvej 49,517350.77,6245223.57,public,39410000
A-201137,Kirkevej 50,532012.33,6292931.16,agricultural,32515000
A-211619,Bakkevej 179,716061.94,6195352.22,commercial,12584000
A-214430,Aavej 56,603113.73,6114090.24,agricultural,35126000
A-206660,Strandvej 72,561574.55,6218023.83,commercial,41536000
A-211562,Engvej 175,644988.81,6125428.21,residential,22603000
A-208280,Birkevej 238,581475.72,6127566.36,residential,23850000
A-205922,Noerregade 228,701353.49,6207927.06,residential,16114000
A-203597,Toftevej 187,691210.66,6200906.57,residential,12837000
A-201788,Bakkevej 201,728271.09,6166692.19,agricultural,22958000
A-206411,Havnegade 115,528007.89,6327571.10,industrial,36679000
A-209312,Kirkevej 122,576630.94,6207132.98,agricultural,26862000
A-201086,Vestergade 159,709413.73,6200423.41,commercial,3618000
A-208997,Moellevej 213,698567.17,6195058.05,residential,30522000
A-202634,Noerregade 126,724284.91,6209706.05,residential,10409000
A-212777,Strandvej 43,578827.21,6119715.59,agricultural,28196000
A-200009,Birkevej 229,700075.86,6208728.07,residential,31305000
A-205160,Aavej 15,706990.77,6202134.55,residential,17668000
A-203021,Skovvej 32,710428.14,6175079.51,industrial,30393000
A-205043,Egevej 102,710413.72,6166660.00,residential,4685000
A-201503,Vestergade 64,701035.62,6175620.54,residential,13187000
A-200219,Kirkevej 20,553878.42,6113123.20,public,31886000
A-204392,Engvej 34,552637.42,6266576.15,residential,13885000
A-210494,Stationsvej 50,513557.31,6101301.70,agricultural,16538000
A-205463,Strandvej 141,496699.68,6132074.58,agricultural,33361000
A-202373,Toftevej 35,725114.71,6183981.96,public,41482000
A-212189,Bakkevej 108,711663.28,6167834.56,industrial,34371000
A-200561,Havnegade 96,717334.28,6212737.44,public,16543000
A-209453,Havnegade 91,557704.93,6218046.66,residential,3998000
A-202454,Skovvej 22,699121.81,6213121.31,residential,29978000
A-205436,Stationsvej 239,536504.13,6081800.35,residential,3962000
A-214310,Birkevej 225,537736.20,6190829.29,residential,21169000
A-208592,Havnegade 196,582904.15,6272349.32,public,7463000
A-204308,Vestergade 11,583945.10,6261703.05,agricultural,41291000
A-214778,Soendergade 48,616637.92,6159219.78,residential,27977000
A-211088,Kirkevej 154,704274.41,6175814.71,residential,31946000
A-210452,Soendergade 23,677005.67,6116615.17,residential,544000
A-208178,Lindevej 71,563723.80,6095835.79,commercial,13946000
A-213278,Egevej 6,702431.63,6194846.51,industrial,11819000
A-203015,Egevej 124,484397.14,6304539.05,commercial,21361000
A-204806,Aavej 205,550637.75,6264595.83,commercial,23790000
A-213851,Stationsvej 233,716730.44,6181010.52,residential,35991000
A-205121,Egevej 86,538906.94,6197299.81,industrial,31773000
A-206627,Stationsvej 30,694835.35,6170279.64,residential,17961000
A-202055,Egevej 159,719046.75,6204548.90,agricultural,23500000
A-201158,Birkevej 205,724741.35,6171922.05,commercial,37076000
A-200855,Birkevej 44,694015.26,6137103.17,industrial,5762000
A-208205,Egevej 41,699286.91,6199135.31,agricultural,38229000
A-200063,Havnegade 135,502762.64,6281401.78,agricultural,991000
A-205211,Toftevej 68,703239.34,6187565.43,residential,14755000
A-211172,Soendergade 179,532624.72,6146238.62,residential,34001000
A-213074,Noerregade 143,676777.19,6168852.82,residential,40379000
A-209918,Engvej 106,615479.85,6153804.63,public,27495000
A-208613,Kirkevej 203,563193.41,6271356.99,residential,35619000
A-202598,Lindevej 141,514065.76,6192559.10,residential,3506000
A-206801,Strandvej 171,617471.56,6097864.67,public,31426000
A-208907,Kirkevej 194,723273.06,6164474.29,residential,18563000
A-209828,Toftevej 78,691717.88,6142395.59,agricultural,9225000
A-200183,Kirkevej 35,728151.88,6173481.47,public,23590000
A-204530,Aavej 162,555541.60,6271780.66,residential,2741000
A-210005,Bakkevej 76,601804.51,6129206.70,industrial,22973000
A-209516,Birkevej 137,505833.43,6175037.22,commercial,20393000
A-210146,Lindevej 118,712251.33,6206813.88,residential,13008000
A-212228,Strandvej 65,709613.80,6195582.80,commercial,15111000
A-204800,Aavej 186,600034.66,6149115.34,public,36075000
A-205205,Lindevej 59,702775.59,6128209.07,residential,7774000
A-206000,Bakkevej 20,638685.97,6158360.75,residential,32514000
A-213101,Skovvej 5,593290.18,6336670.96,public,38130000
A-209933,Bakkevej 44,656656.38,6169437.39,public,7039000
A-211880,Lindevej 64,640965.97,6186165.29,residential,1351000
A-211214,Stationsvej 138,684754.28,6150507.41,residential,26815000
A-204815,Kirkevej 139,700368.00,6172324.22,residential,32632000
A-214640,Engvej 208,516684.72,6139897.37,public,1685000
A-214046,Havnegade 99,604568.82,6100145.96,residential,6971000
A-213497,Moellevej 195,654983.59,6134850.65,industrial,37167000
A-210356,Toftevej 59,722831.74,6164553.32,residential,36543000
A-205682,Skovvej 71,553570.08,6265724.58,residential,39814000
A-202022,Kirkevej 88,556590.26,6233293.71,residential,21021000
A-205730,Havnegade 98,495453.93,6296252.90,agricultural,34797000
A-211160,Vestergade 128,680126.04,6203105.26,residential,29595000
A-202766,Kirkevej 75,721018.75,6189847.06,industrial,32886000
A-207935,Kirkevej 52,689716.38,6138329.98,residential,41508000
A-204080,Kirkevej 150,576596.91,6195091.48,public,24225000
A-211313,Moellevej 8,716264.35,6206286.35,public,9379000
A-212729,Soendergade 163,575659.08,6225604.05,residential,15927000
A-201878,Soendergade 102,699446.09,6195290.35,residential,11068000
A-202568,Aavej 215,543892.78,6232775.71,industrial,22912000
A-211949,Egevej 169,592629.95,6130502.65,commercial,14848000
A-210188,Bakkevej 185,698528.68,6204575.28,public,16026000
A-204578,Kirkevej 117,720631.97,6174398.99,agricultural,12217000
A-204386,Kirkevej 157,564376.33,6199368.32,commercial,21764000
A-212993,Skovvej 10,692626.07,6148578.69,industrial,38526000
A-201659,Toftevej 231,606236.14,6133936.72,agricultural,6299000
A-206369,Kirkevej 148,714020.44,6193465.89,public,6848000
A-213296,Havnegade 93,723753.55,6187805.30,agricultural,17308000
A-208004,Birkevej 23,703137.72,6188760.77,public,41624000
A-213623,Aavej 238,525620.72,6125777.94,residential,35098000
A-202943,Skovvej 141,699199.38,6191871.80,commercial,24332000
A-200108,Kirkevej 7,724383.55,6182864.85,industrial,9413000
A-209351,Noerregade 66,602174.88,6120444.08,industrial,17235000
A-204149,Lindevej 178,604921.28,6160219.18,residential,9057000
A-213596,Egevej 165,555567.65,6269431.20,agricultural,3598000
A-210875,Aavej 120,707020.00,6168649.93,industrial,6421000
A-200243,Lindevej 50,699259.45,6167283.80,agricultural,10428000
A-200513,Skovvej 74,558504.04,6154443.23,industrial,18099000
A-201704,Skovvej 124,551067.36,6349821.11,residential,20202000
A-201092,Kirkevej 91,666475.85,6166304.82,commercial,3266000
A-208898,Birkevej 79,605825.68,6130827.67,residential,37562000
A-209030,Egevej 178,571740.07,6269874.57,residential,26544000
A-212039,Havnegade 144,653532.06,6136834.60,public,20837000
A-204296,Stationsvej 25,615450.82,6113217.10,agricultural,7971000
A-210812,Birkevej 4,560454.80,6330421.17,agricultural,36389000
A-201002,Moellevej 193,700833.82,6202639.55,residential,11291000
A-206312,Kirkevej 210,479955.82,6247964.56,agricultural,10009000
A-213857,Strandvej 147,525235.74,6299179.58,industrial,33124000
A-212363,Havnegade 98,714070.35,6207544.61,residential,22745000
A-206183,Toftevej 78,545642.46,6208022.47,residential,38941000
A-205475,Aavej 101,532592.55,6370565.23,agricultural,2664000
A-214256,Strandvej 105,722444.96,6170561.82,residential,38862000
A-214142,Aavej 234,551778.25,6189935.10,residential,19895000
A-214346,Engvej 147,577238.27,6223679.97,residential,8044000
A-212738,Kirkevej 144,578412.78,6268439.15,residential,35303000
A-202589,Strandvej 115,548190.95,6143826.63,residential,20641000
A-210797,Moellevej 97,566469.62,6323552.52,commercial,18199000
A-204446,Strandvej 221,564203.42,6260405.43,residential,35949000
A-207605,Strandvej 175,724816.69,6205155.98,residential,17200000
A-200360,Moellevej 12,543443.40,6213981.35,commercial,25596000
A-203384,Noerregade 101,555390.00,6120518.71,industrial,24242000
A-211895,Havnegade 186,701905.46,6191978.41,residential,2718000
A-206225,Kirkevej 35,669670.90,6167735.30,industrial,2655000
A-207428,Moellevej 210,709230.38,6162623.66,commercial,24401000
A-210992,Soendergade 108,725103.27,6189902.80,commercial,19954000
A-208739,Toftevej 89,727896.45,6192553.90,residential,26935000
A-202658,Strandvej 115,691913.28,6183281.12,agricultural,39805000
A-211388,Stationsvej 139,635590.60,6134902.10,public,9372000
A-205031,Kirkevej 54,723259.73,6173589.29,residential,33039000
A-200270,Soendergade 144,548509.28,6202001.66,agricultural,19947000
A-207335,Soendergade 201,720139.76,6196174.36,commercial,21387000
A-204431,Strandvej 235,547916.51,6261790.56,agricultural,36746000
A-202259,Stationsvej 81,692461.46,6137876.51,residential,24007000
A-212732,Toftevej 185,601624.35,6152169.47,public,17616000
A-202256,Bakkevej 147,484622.42,6128446.54,agricultural,31908000
A-210398,Kirkevej 40,525629.08,6188364.85,residential,17826000
A-212483,Stationsvej 2,723822.94,6182182.44,residential,31189000
A-201539,Toftevej 229,705872.83,6192610.57,residential,12774000
A-211916,Aavej 10,559029.77,6152276.07,residential,30162000
A-214766,Stationsvej 50,662940.64,6167290.55,residential,19927000
A-204923,Egevej 157,583514.20,6259337.54,commercial,13201000
A-210590,Soendergade 57,708686.26,6183146.28,agricultural,8242000
A-200087,Vestergade 127,562220.82,6267604.22,residential,618000
A-208373,Havnegade 28,649028.57,6152868.65,residential,38035000
A-211067,Skovvej 123,559812.37,6151370.05,public,22265000
A-211700,Soendergade 237,653854.25,6114618.70,agricultural,39580000
A-208808,Vestergade 198,543616.55,6213033.46,commercial,24691000
A-207902,Vestergade 22,471677.92,6095886.27,agricultural,40443000
A-214691,Birkevej 119,702342.66,6172882.98,public,5085000
A-214226,Vestergade 104,489023.35,6217585.43,agricultural,18877000
A-209642,Bakkevej 177,702765.39,6212603.58,agricultural,25423000
A-210380,Stationsvej 187,579755.68,6230091.10,residential,38543000
A-205679,Kirkevej 93,550523.67,6229302.86,public,7064000
A-212954,Strandvej 100,567675.18,6154274.48,agricultural,22430000
A-201131,Soendergade 125,658172.49,6124329.02,agricultural,13013000
A-206087,Vestergade 118,502988.88,6281890.69,residential,8126000
A-201404,Noerregade 214,722147.68,6213005.85,industrial,38255000
A-205787,Engvej 18,716177.52,6163836.47,industrial,29235000
A-201224,Strandvej 23,704207.54,6189093.70,public,31722000
A-211862,Engvej 76,552307.91,6133105.14,residential,14783000
A-208670,Lindevej 139,700445.27,6215285.76,residential,1524000
A-204146,Egevej 103,584687.54,6197835.79,agricultural,17885000
A-202094,Havnegade 116,675060.10,6153455.13,residential,8874000
A-210158,Kirkevej 28,533441.38,6334974.89,residential,16579000
A-211577,Stationsvej 12,653260.26,6116754.85,agricultural,6131000
A-214349,Noerregade 73,534433.42,6258802.22,agricultural,25138000
A-207680,Lindevej 27,668653.76,6157368.16,residential,10969000
A-208511,Toftevej 52,701001.40,6150230.55,public,10397000
A-204953,Stationsvej 91,651725.73,6130129.20,residential,11146000
A-205304,Moellevej 169,710234.32,6193136.34,residential,34262000
A-213044,Havnegade 86,545011.29,6343693.27,residential,38157000
A-211538,Lindevej 10,642119.79,6187516.78,commercial,3350000
A-207629,Noerregade 84,691350.11,6198668.60,agricultural,31677000
A-206141,Vestergade 39,706291.97,6193476.24,residential,31114000
A-214271,Lindevej 217,537913.47,6188691.64,commercial,7826000
A-207155,Lindevej 30,537323.82,6359085.82,residential,2598000
A-200456,Soendergade 44,728467.90,6173792.21,residential,23860000
A-207377,Bakkevej 119,698232.11,6198526.54,industrial,36075000
A-204743,Havnegade 183,676699.34,6200380.29,commercial,26028000
A-213383,Kirkevej 238,551272.16,6147791.01,residential,2714000
A-201311,Aavej 126,700672.75,6166129.98,residential,30064000
A-206426,Bakkevej 66,718152.72,6210494.97,commercial,38948000
A-208676,Stationsvej 129,703432.19,6185371.24,commercial,31617000
A-206879,Birkevej 63,703718.38,6176023.56,residential,23229000
A-203426,Noerregade 27,554114.78,6150087.16,commercial,25989000
A-214478,Engvej 106,571056.45,6254157.86,commercial,20632000
A-201509,Lindevej 231,492427.39,6187915.89,residential,15604000
A-212252,Egevej 79,575429.44,6255527.09,agricultural,8936000
A-205445,Soendergade 197,491744.64,6194345.42,residential,14786000
A-205970,Kirkevej 159,705514.69,6185477.50,residential,22594000
A-207761,Bakkevej 217,705690.79,6165336.82,industrial,18702000
A-213995,Noerregade 93,669682.85,6144737.45,agricultural,12258000
A-211154,Soendergade 168,494900.28,6139293.50,industrial,28583000
A-205244,Soendergade 66,518322.13,6196400.95,agricultural,8784000
A-209036,Egevej 139,607646.94,6167109.92,agricultural,26861000
A-202724,Soendergade 122,707370.08,6179317.37,industrial,20324000
A-209345,Aavej 163,721226.25,6170078.78,residential,29174000
A-202238,Moellevej 213,652384.06,6153271.96,agricultural,39700000
A-208064,Vestergade 165,711848.64,6179333.93,public,7704000
A-209270,Egevej 36,477933.55,6296456.92,residential,38441000
A-205745,Engvej 82,650471.44,6130227.69,residential,22400000
A-204752,Stationsvej 48,479059.57,6162651.53,residential,23702000
A-204500,Toftevej 162,668489.96,6122377.66,residential,20046000
A-202784,Noerregade 189,717670.82,6189242.42,public,14070000
A-210701,Havnegade 60,662355.43,6151783.10,agricultural,38100000
A-212051,Skovvej 63,696814.32,6204712.81,commercial,3261000
A-209468,Skovvej 239,506482.59,6183698.11,public,3324000
A-207380,Kirkevej 26,634866.71,6121267.07,commercial,13962000
A-210215,Havnegade 86,590507.08,6164529.15,residential,13347000
A-210377,Strandvej 148,592139.23,6364608.34,public,1117000
A-213794,Engvej 123,506013.56,6217723.95,residential,34844000
A-204755,Kirkevej 160,547091.22,6262660.48,agricultural,29412000
A-207710,Birkevej 138,482630.32,6291873.33,commercial,18660000
A-213098,Kirkevej 163,589668.56,6113085.46,agricultural,11293000
A-205223,Soendergade 237,529262.40,6369660.48,public,4851000
A-201797,Havnegade 120,557007.91,6145594.51,residential,40230000
A-210419,Soendergade 89,689061.36,6163811.99,residential,7966000
A-209957,Havnegade 62,664387.20,6116307.95,industrial,1952000
A-202325,Egevej 37,699520.39,6122668.89,public,20924000
A-202583,Birkevej 94,697095.38,6206742.10,commercial,31484000
A-204455,Kirkevej 127,578927.65,6191001.46,residential,6693000
A-209162,Birkevej 82,587930.17,6155836.04,commercial,41551000
A-212693,Havnegade 39,698939.30,6215429.10,agricultural,33293000
A-203117,Kirkevej 55,694346.86,6133250.63,agricultural,25158000
A-208748,Moellevej 113,526011.03,6183029.71,residential,15842000
A-213155,Aavej 17,727923.45,6162135.70,residential,21641000
A-213509,Soendergade 45,662386.74,6192707.67,agricultural,41178000
A-210191,Bakkevej 44,513816.65,6213067.10,residential,30674000
A-205673,Skovvej 182,556928.82,6198799.78,commercial,14473000
A-204926,Skovvej 190,649336.31,6166432.59,agricultural,2508000
A-205982,Skovvej 88,567801.85,6249331.76,public,15355000
A-214814,Skovvej 48,674094.33,6154195.13,commercial,10503000
A-206255,Moellevej 105,727749.62,6201671.64,industrial,39660000
A-214652,Strandvej 56,585742.50,6257040.32,agricultural,5019000
A-201164,Engvej 106,560952.47,6141912.29,public,20132000
A-210773,Aavej 86,709807.24,6214858.46,industrial,6639000
A-209636,Bakkevej 103,542810.30,6260999.18,public,10168000
A-206858,Birkevej 135,580051.21,6380635.19,industrial,10017000
A-212564,Engvej 164,549333.38,6163552.01,public,1063000
A-210809,Stationsvej 24,674540.09,6122920.87,residential,6644000
A-209096,Moellevej 14,566297.15,6218684.58,agricultural,37765000
A-200642,Engvej 108,703895.03,6182957.32,residential,35699000
A-214979,Soendergade 101,653841.68,6189179.36,commercial,11944000
A-201866,Aavej 157,715736.97,6183141.99,residential,26213000
A-209129,Havnegade 156,478583.08,6093666.30,public,37853000
A-200699,Vestergade 93,660611.16,6158222.88,commercial,33369000
A-208490,Noerregade 215,609384.96,6110449.89,residential,17516000
A-214244,Moellevej 26,517041.60,6359223.99,residential,25816000
A-214049,Bakkevej 16,518249.59,6226366.32,industrial,5216000
A-212012,Engvej 33,517079.92,6192843.41,industrial,33592000
A-201026,Engvej 78,707849.02,6210360.58,commercial,41013000
A-213413,Vestergade 198,554324.49,6124340.45,residential,22650000
A-209153,Kirkevej 118,726702.95,6199627.38,residential,30424000
A-202886,Aavej 155,633561.34,6171080.63,agricultural,8563000
A-214538,Moellevej 146,556686.09,6140723.11,public,40912000
A-211670,Lindevej 232,527515.24,6098050.97,commercial,30998000
A-207005,Lindevej 55,590597.54,6151808.48,agricultural,14726000
A-208346,Egevej 111,528645.52,6278159.64,residential,6665000
A-200723,Strandvej 32,720410.44,6211466.03,commercial,11299000
A-204485,Lindevej 161,716713.55,6192564.20,public,41630000
A-200021,Lindevej 174,489484.15,6282866.65,residential,38597000
A-203954,Noerregade 8,572678.04,6270488.96,commercial,9012000
A-212387,Egevej 60,596055.80,6110327.33,commercial,38866000
A-209525,Kirkevej 100,575985.53,6097443.30,agricultural,28147000
A-205286,Egevej 33,697895.46,6178539.16,residential,14622000
A-212093,Soendergade 64,577733.30,6230039.50,commercial,6624000
A-204728,Toftevej 169,536760.15,6302251.01,commercial,28430000
A-212942,Kirkevej 156,544773.16,6357996.14,agricultural,3648000
A-208070,Noerregade 77,721452.93,6213813.64,public,39272000
A-214796,Birkevej 37,702837.70,6178547.22,agricultural,25207000
A-212384,Birkevej 200,711464.57,6173666.36,residential,1562000
A-211211,Kirkevej 216,479668.07,6251411.39,industrial,13826000
A-205259,Toftevej 210,706496.14,6206231.41,residential,33275000
A-204284,Skovvej 178,509221.39,6287438.14,residential,29163000
A-204542,Toftevej 240,541770.37,6293032.35,agricultural,14156000
A-203186,Stationsvej 237,711718.05,6195632.40,residential,4288000
A-205892,Moellevej 75,707387.28,6207162.59,commercial,31326000
A-213026,Egevej 185,576990.62,6263308.27,commercial,3883000
A-208415,Havnegade 200,502144.96,6222459.23,industrial,22547000
A-211397,Egevej 111,726864.71,6207734.25,residential,790000
A-214733,Aavej 199,519529.62,6093991.44,agricultural,34683000
A-204044,Soendergade 1,528922.80,6276208.58,commercial,18828000
A-205769,Stationsvej 50,506540.72,6237024.98,industrial,17206000
A-207782,Vestergade 181,579242.76,6353750.96,residential,15114000
A-209261,Vestergade 234,557763.96,6247629.90,public,36376000
A-204851,Noerregade 23,705017.60,6201346.29,residential,24927000
A-205331,Vestergade 146,713669.26,6208899.15,public,21011000
A-212630,Aavej 139,700297.59,6190647.29,residential,7723000
A-203801,Toftevej 233,669479.23,6117424.35,residential,6886000
A-214160,Lindevej 199,552858.67,6096699.14,public,5563000
A-205766,Stationsvej 34,600661.44,6148613.59,commercial,38577000
A-210017,Toftevej 120,580985.05,6231566.13,agricultural,24932000
A-209375,Egevej 208,690587.71,6159341.16,residential,4396000
A-209282,Lindevej 109,697599.96,6187141.51,agricultural,34226000
A-203129,Strandvej 20,523760.85,6158331.39,public,15869000
A-210347,Birkevej 50,568524.15,6116153.28,public,10682000
A-205028,Moellevej 31,507904.96,6231757.60,residential,35041000
A-210512,Stationsvej 136,534920.20,6311582.11,residential,32597000
A-214055,Egevej 200,558448.57,6202138.02,agricultural,5100000
A-208001,Aavej 47,554624.91,6131595.01,commercial,36506000
A-204605,Strandvej 212,675977.03,6119741.43,agricultural,29315000
A-208271,Kirkevej 57,535814.36,6232040.84,agricultural,39197000
A-202604,Lindevej 125,706527.71,6198603.26,residential,36318000
A-207254,Noerregade 77,667166.99,6182081.39,residential,1382000
A-201575,Soendergade 158,541966.23,6228404.74,residential,36570000
A-211319,Birkevej 172,531397.02,6310561.72,industrial,35116000
A-203090,Vestergade 138,663362.63,6191715.21,residential,35081000
A-200534,Soendergade 107,577059.55,6248856.63,residential,29633000
A-201077,Birkevej 179,684381.15,6146577.17,residential,25345000
A-213293,Moellevej 107,544582.84,6314288.99,industrial,38922000
A-204350,Aavej 30,556462.24,6202073.55,residential,14175000
A-200333,Aavej 162,484515.39,6082337.34,residential,24380000
A-209276,Noerregade 195,720300.05,6204298.21,residential,7768000
A-210881,Toftevej 69,569724.45,6260695.93,industrial,31303000
A-212015,Strandvej 114,544908.31,6197336.91,commercial,12952000
A-207224,Skovvej 198,577437.31,6204762.47,industrial,13987000
A-208856,Birkevej 139,655475.25,6195962.42,residential,11764000
A-214703,Egevej 21,587813.31,6154297.64,agricultural,3674000
A-213020,Noerregade 207,478980.02,6103144.09,industrial,41381000
A-204428,Aavej 145,581286.28,6103730.54,residential,18708000
A-208844,Havnegade 212,563433.61,6253466.37,residential,24803000
A-203942,Strandvej 209,536373.58,6335885.08,commercial,26405000
A-203276,Skovvej 182,542902.95,6254928.61,residential,6277000
A-202556,Vestergade 190,487256.16,6169574.14,residential,21656000
A-209450,Birkevej 32,710528.73,6213039.83,agricultural,20138000
A-200924,Kirkevej 236,528284.33,6152149.61,residential,21647000
A-212060,Toftevej 185,586197.16,6196120.02,residential,27938000
A-207530,Lindevej 133,713370.76,6207450.59,agricultural,2409000
A-206705,Egevej 144,703812.63,6181236.74,agricultural,20938000
A-211631,Egevej 211,563073.73,6245410.52,residential,12070000
A-208127,Vestergade 157,680099.19,6141164.57,commercial,20480000
A-213146,Havnegade 83,709393.53,6202800.16,residential,12260000
A-202913,Birkevej 21,536923.51,6285058.60,agricultural,34227000
A-214442,Vestergade 85,555971.47,6224470.81,residential,40954000
A-214319,Lindevej 23,708364.94,6196788.69,residential,28958000
A-202124,Engvej 200,593695.20,6367261.86,residential,21294000
A-206237,Stationsvej 83,712582.35,6189586.41,residential,29445000
A-212327,Birkevej 163,718921.68,6177882.92,residential,21241000
A-206381,Bakkevej 225,643221.62,6196429.89,residential,7733000
A-206297,Skovvej 70,546698.33,6132864.56,residential,12162000
A-213770,Noerregade 104,700749.20,6140301.35,industrial,31912000
A-214253,Strandvej 31,591136.18,6138944.31,commercial,24287000
A-209732,Egevej 224,728170.59,6179371.91,commercial,24006000
A-212276,Moellevej 82,545966.60,6228351.37,residential,12128000
A-210008,Birkevej 183,564044.08,6192121.02,residential,26224000
A-206930,Aavej 159,553305.40,6257907.77,residential,8272000
A-212861,Kirkevej 221,550246.88,6219420.18,public,28658000
A-212660,Birkevej 229,607632.88,6149512.08,residential,35910000
A-213347,Strandvej 124,555288.26,6216312.62,commercial,27592000
A-206900,Stationsvej 142,506131.33,6219527.97,industrial,21026000
A-213479,Aavej 80,711159.68,6173904.62,residential,27104000
A-209084,Engvej 166,711514.40,6166971.90,agricultural,6128000
A-200930,Birkevej 14,505627.28,6243613.27,industrial,35137000
A-206462,Stationsvej 89,534737.42,6177253.36,residential,31760000
A-211580,Soendergade 37,534777.61,6197847.66,residential,23650000
A-201581,Soendergade 28,592218.69,6144153.00,residential,21535000
A-202349,Lindevej 172,607212.01,6108468.58,residential,33757000
A-212261,Moellevej 72,699025.45,6194639.02,public,8831000
A-202103,Egevej 79,700299.73,6215755.78,agricultural,27136000
A-203204,Skovvej 115,549742.72,6231143.78,industrial,3005000
A-207866,Vestergade 150,518045.46,6125478.96,agricultural,28993000
A-206345,Egevej 165,708084.03,6170743.56,residential,23958000
A-207785,Stationsvej 8,729590.93,6168915.38,residential,1887000
A-210716,Kirkevej 200,528816.80,6277110.70,commercial,5940000
A-206516,Bakkevej 104,702240.26,6182917.40,commercial,18794000
A-208562,Birkevej 94,495242.92,6261198.72,commercial,12610000
A-209342,Aavej 214,482506.55,6271025.92,public,26420000
A-207074,Egevej 40,673384.08,6183094.36,industrial,31179000
A-205913,Bakkevej 229,585275.47,6123950.11,residential,892000
A-203030,Lindevej 107,701073.52,6180108.70,residential,29645000
A-205046,Soendergade 207,701700.96,6183245.64,residential,38760000
A-210470,Stationsvej 229,599984.02,6096263.37,commercial,11983000
A-202532,Skovvej 115,502171.55,6278392.48,residential,31649000
A-211805,Stationsvej 67,546914.73,6373025.87,residential,39654000
A-207617,Birkevej 27,604783.92,6148242.34,residential,9508000
A-214223,Toftevej 114,492191.74,6286579.64,commercial,2351000
A-211202,Strandvej 118,701259.52,6120178.05,industrial,24694000
A-206198,Engvej 218,713006.46,6178782.99,industrial,25016000
A-212402,Skovvej 227,707190.51,6203712.20,residential,15953000
A-211298,Engvej 83,537564.56,6226158.16,industrial,36313000
A-208196,Birkevej 184,664519.81,6127833.13,industrial,31562000
A-205811,Stationsvej 141,697094.90,6118576.17,public,22891000
A-203537,Noerregade 195,566449.43,6257666.38,public,8817000
A-203288,Skovvej 62,552891.29,6216721.49,residential,15466000
A-204521,Kirkevej 210,727239.32,6173997.84,residential,2537000
A-202190,Skovvej 195,725570.29,6169166.02,public,41039000
A-213656,Bakkevej 190,591306.81,6139978.54,residential,3395000
A-200306,Havnegade 213,642756.30,6124097.37,industrial,38195000
A-201368,Strandvej 13,703115.05,6197739.57,commercial,14976000
A-213287,Aavej 82,726258.62,6187555.64,residential,23006000
A-211025,Aavej 23,507301.78,6090612.52,commercial,7145000
A-213929,Toftevej 15,684522.31,6146683.57,public,31626000
A-211409,Bakkevej 164,639533.73,6196308.17,residential,26689000
A-214439,Kirkevej 80,499040.09,6179848.16,residential,26846000
A-204959,Egevej 42,574506.49,6323298.17,residential,30302000
A-207395,Moellevej 149,698026.99,6204423.70,commercial,20373000
A-207164,Toftevej 49,559674.54,6149074.32,agricultural,40879000
A-209726,Strandvej 194,705213.94,6210168.17,agricultural,16269000
A-205718,Noerregade 121,607818.02,6164391.42,agricultural,5658000
A-202838,Bakkevej 183,573863.88,6244483.34,residential,20252000
A-214982,Stationsvej 126,725405.34,6182586.24,residential,21321000
A-207233,Egevej 66,695936.18,6193664.10,agricultural,11398000
A-212339,Birkevej 174,561743.17,6262714.09,residential,3282000
A-211616,Moellevej 119,653533.12,6138510.74,residential,2690000
A-205070,Birkevej 179,706813.10,6175821.63,residential,21236000
A-204992,Soendergade 228,541366.71,6244391.34,residential,24138000
A-210935,Bakkevej 182,659712.72,6167278.03,residential,6660000
A-209000,Havnegade 131,665769.37,6124784.20,residential,16145000
A-207563,Noerregade 102,607177.61,6118233.36,agricultural,2118000
A-201035,Engvej 118,702081.04,6171252.77,residential,10414000
A-201443,Engvej 132,692071.61,6139812.14,industrial,3755000
A-204599,Engvej 23,703201.60,6165486.76,industrial,24578000
A-213470,Stationsvej 19,491393.61,6230269.79,residential,41028000
A-206642,Skovvej 49,538571.79,6369255.86,residential,13425000
A-200747,Aavej 230,518088.17,6294445.87,commercial,10222000
A-204272,Stationsvej 121,706239.79,6181531.84,residential,26719000
A-206222,Toftevej 86,701846.02,6204093.89,residential,15111000
A-204545,Bakkevej 152,712282.22,6205754.11,commercial,32096000
A-206729,Egevej 190,516806.90,6204612.06,agricultural,15447000
A-211751,Stationsvej 30,670109.18,6180613.56,commercial,25943000
A-212207,Strandvej 239,698803.87,6171975.48,agricultural,19888000
A-213062,Lindevej 70,599286.25,6122408.53,residential,38179000
A-201896,Noerregade 90,507931.30,6225770.55,agricultural,26008000
A-214754,Strandvej 37,677676.46,6137175.69,residential,8018000
A-212156,Egevej 47,704367.72,6203845.90,industrial,34220000
A-201152,Noerregade 135,556426.24,6097517.27,commercial,12265000
A-205640,Aavej 130,528011.97,6337606.17,residential,2455000
A-213731,Lindevej 27,595077.78,6116138.19,residential,38945000
A-202166,Birkevej 138,540564.49,6208566.78,agricultural,14094000
A-207647,Skovvej 62,696365.20,6122260.67,agricultural,38208000
A-207422,Birkevej 17,641256.66,6130425.40,agricultural,37027000
A-207614,Birkevej 19,702623.20,6183390.57,residential,15595000
A-210455,Bakkevej 2,490481.04,6158562.79,residential,37350000
A-203786,Egevej 101,579022.74,6205694.49,industrial,24692000
A-205841,Birkevej 83,585933.60,6221456.57,public,3058000
A-205388,Stationsvej 142,580250.00,6265995.48,agricultural,6491000
A-204863,Soendergade 53,574558.96,6224176.97,residential,21631000
